--Sample Data--

--MuaGiai
INSERT INTO MUAGIAI VALUES(NEWID(), N'Giải Bóng Đá VĐQG 2019', 1)
--SELECT * FROM MUAGIAI
--DoiBong
INSERT INTO DOIBONG VALUES(NEWID(), (SELECT MaMuaGiai FROM MUAGIAI WHERE TenMuaGiai=N'Giải Bóng Đá VĐQG 2019'), N'Becamex Bình Dương')
INSERT INTO DOIBONG VALUES(NEWID(), (SELECT MaMuaGiai FROM MUAGIAI WHERE TenMuaGiai=N'Giải Bóng Đá VĐQG 2019'), N'Hà Nội')
INSERT INTO DOIBONG VALUES(NEWID(), (SELECT MaMuaGiai FROM MUAGIAI WHERE TenMuaGiai=N'Giải Bóng Đá VĐQG 2019'), N'Hải Phòng')
INSERT INTO DOIBONG VALUES(NEWID(), (SELECT MaMuaGiai FROM MUAGIAI WHERE TenMuaGiai=N'Giải Bóng Đá VĐQG 2019'), N'Hoàng Anh Gia Lai')
INSERT INTO DOIBONG VALUES(NEWID(), (SELECT MaMuaGiai FROM MUAGIAI WHERE TenMuaGiai=N'Giải Bóng Đá VĐQG 2019'), N'Thành Phố Hồ Chí Minh')
INSERT INTO DOIBONG VALUES(NEWID(), (SELECT MaMuaGiai FROM MUAGIAI WHERE TenMuaGiai=N'Giải Bóng Đá VĐQG 2019'), N'Dược Nam Hà Nam Định')
INSERT INTO DOIBONG VALUES(NEWID(), (SELECT MaMuaGiai FROM MUAGIAI WHERE TenMuaGiai=N'Giải Bóng Đá VĐQG 2019'), N'Quảng Nam')
INSERT INTO DOIBONG VALUES(NEWID(), (SELECT MaMuaGiai FROM MUAGIAI WHERE TenMuaGiai=N'Giải Bóng Đá VĐQG 2019'), N'Sài Gòn')
INSERT INTO DOIBONG VALUES(NEWID(), (SELECT MaMuaGiai FROM MUAGIAI WHERE TenMuaGiai=N'Giải Bóng Đá VĐQG 2019'), N'Sanna Khánh Hòa BVN')
INSERT INTO DOIBONG VALUES(NEWID(), (SELECT MaMuaGiai FROM MUAGIAI WHERE TenMuaGiai=N'Giải Bóng Đá VĐQG 2019'), N'SHB Đà Nẵng')
INSERT INTO DOIBONG VALUES(NEWID(), (SELECT MaMuaGiai FROM MUAGIAI WHERE TenMuaGiai=N'Giải Bóng Đá VĐQG 2019'), N'Sông Lam Nghệ An')
INSERT INTO DOIBONG VALUES(NEWID(), (SELECT MaMuaGiai FROM MUAGIAI WHERE TenMuaGiai=N'Giải Bóng Đá VĐQG 2019'), N'Than Quảng Ninh')
INSERT INTO DOIBONG VALUES(NEWID(), (SELECT MaMuaGiai FROM MUAGIAI WHERE TenMuaGiai=N'Giải Bóng Đá VĐQG 2019'), N'Thanh Hóa')
INSERT INTO DOIBONG VALUES(NEWID(), (SELECT MaMuaGiai FROM MUAGIAI WHERE TenMuaGiai=N'Giải Bóng Đá VĐQG 2019'), N'Viettel')

--SanThiDau
GO
DECLARE @MaMuaGiai VARCHAR(45)
SET @MaMuaGiai = (SELECT MaMuaGiai FROM MUAGIAI WHERE TenMuaGiai = N'Giải Bóng Đá VĐQG 2019')
INSERT INTO SANTHIDAU VALUES(NEWID(), N'Sân Vận Động Mỹ Đình', @MaMuaGiai, N'Khu liên hợp thể thao quốc gia Việt Nam', NULL)
INSERT INTO SANTHIDAU VALUES(NEWID(), N'Sân Vận Động Gò Đậu', @MaMuaGiai, N'TDC Bình Dương', (SELECT MaDoi FROM DOIBONG WHERE TenDoi = N'Becamex Bình Dương'))
INSERT INTO SANTHIDAU VALUES(NEWID(), N'Sân Vận Động Hàng Đẫy', @MaMuaGiai, N'Liên Đoàn Bóng Đá Việt Nam', (SELECT MaDoi FROM DOIBONG WHERE TenDoi = N'Hà Nội'))
INSERT INTO SANTHIDAU VALUES(NEWID(), N'Sân Vận Động Lạch Tray', @MaMuaGiai, N'	Câu lạc bộ bóng đá Hải Phòng', (SELECT MaDoi FROM DOIBONG WHERE TenDoi = N'Hải Phòng'))
INSERT INTO SANTHIDAU VALUES(NEWID(), N'Sân Vận Động Pleiku', @MaMuaGiai, N'Câu lạc bộ bóng đá Hoàng Anh Gia Lai', (SELECT MaDoi FROM DOIBONG WHERE TenDoi = N'Hoàng Anh Gia Lai'))
INSERT INTO SANTHIDAU VALUES(NEWID(), N'Sân Vận Động Thống Nhất', @MaMuaGiai, N'Ban Quản Lí Sân Thống Nhất', (SELECT MaDoi FROM DOIBONG WHERE TenDoi = N'Thành Phố Hồ Chí Minh'))
INSERT INTO SANTHIDAU VALUES(NEWID(), N'Sân Vận Động Thiên Trường', @MaMuaGiai, N'Câu lạc bộ bóng đá Nam Định', (SELECT MaDoi FROM DOIBONG WHERE TenDoi = N'Dược Nam Hà Nam Định'))
INSERT INTO SANTHIDAU VALUES(NEWID(), N'Sân Vận Động Tam Kỳ', @MaMuaGiai, N'Quảng Nam', (SELECT MaDoi FROM DOIBONG WHERE TenDoi = N'Quảng Nam'))
INSERT INTO SANTHIDAU VALUES(NEWID(), N'Sân Vận Động Thống Nhất (2)', @MaMuaGiai, N'Ban Quản Lí Sân Thống Nhất', (SELECT MaDoi FROM DOIBONG WHERE TenDoi = N'Sài Gòn'))
INSERT INTO SANTHIDAU VALUES(NEWID(), N'Sân Vận Động 19 Tháng 8', @MaMuaGiai, N'Ban Quản Lí Sân 19 Tháng 8', (SELECT MaDoi FROM DOIBONG WHERE TenDoi = N'Sanna Khánh Hòa BVN'))
INSERT INTO SANTHIDAU VALUES(NEWID(), N'Sân Vận Động Hòa Xuân', @MaMuaGiai, N'SHB Đà Nẵng', (SELECT MaDoi FROM DOIBONG WHERE TenDoi = N'SHB Đà Nẵng'))
INSERT INTO SANTHIDAU VALUES(NEWID(), N'Sân Vận Động Vinh', @MaMuaGiai, N'Sở Thể dục Thể thao Nghệ An', (SELECT MaDoi FROM DOIBONG WHERE TenDoi = N'Sông Lam Nghệ An'))
INSERT INTO SANTHIDAU VALUES(NEWID(), N'Sân Vận Động Cửa Ông', @MaMuaGiai, N'Câu lạc bộ bóng đá Than Quảng Ninh', (SELECT MaDoi FROM DOIBONG WHERE TenDoi = N'Than Quảng Ninh'))
INSERT INTO SANTHIDAU VALUES(NEWID(), N'Sân Vận Động Thanh Hóa', @MaMuaGiai, N'Ban Quản Lí Sân Thanh Hóa', (SELECT MaDoi FROM DOIBONG WHERE TenDoi = N'Thanh Hóa'))
INSERT INTO SANTHIDAU VALUES(NEWID(), N'Sân Vận Động Hàng Đẫy (2)', @MaMuaGiai, N'Liên Đoàn Bóng Đá Việt Nam', (SELECT MaDoi FROM DOIBONG WHERE TenDoi = N'Viettel'))

--LoaiCauThu
DECLARE @MaMuaGiai VARCHAR(45)
SET @MaMuaGiai = (SELECT MaMuaGiai FROM MUAGIAI WHERE TenMuaGiai = N'Giải Bóng Đá VĐQG 2019')
INSERT INTO LOAICAUTHU VALUES(NEWID(), N'Thủ môn', 0, @MaMuaGiai)
INSERT INTO LOAICAUTHU VALUES(NEWID(), N'Hậu vệ', 0, @MaMuaGiai)
INSERT INTO LOAICAUTHU VALUES(NEWID(), N'Trung vệ', 0, @MaMuaGiai)
INSERT INTO LOAICAUTHU VALUES(NEWID(), N'Tiền vệ', 0, @MaMuaGiai)
INSERT INTO LOAICAUTHU VALUES(NEWID(), N'Tiền đạo', 0, @MaMuaGiai)
INSERT INTO LOAICAUTHU VALUES(NEWID(), N'Thủ môn nước ngoài', 1, @MaMuaGiai)
INSERT INTO LOAICAUTHU VALUES(NEWID(), N'Hậu vệ nước ngoài', 1, @MaMuaGiai)
INSERT INTO LOAICAUTHU VALUES(NEWID(), N'Trung vệ nước ngoài', 1, @MaMuaGiai)
INSERT INTO LOAICAUTHU VALUES(NEWID(), N'Tiền vệ nước ngoài', 1, @MaMuaGiai)
INSERT INTO LOAICAUTHU VALUES(NEWID(), N'Tiền đạo nước ngoài', 1, @MaMuaGiai)

--LoaiThe
INSERT INTO LOAITHE VALUES(NEWID(), N'Thẻ Vàng')
INSERT INTO LOAITHE VALUES(NEWID(), N'Thẻ Đỏ')

--LoaiBanThang
DECLARE @MaMuaGiai VARCHAR(45)
SET @MaMuaGiai = (SELECT MaMuaGiai FROM MUAGIAI WHERE TenMuaGiai = N'Giải Bóng Đá VĐQG 2019')
INSERT INTO LOAIBANTHANG VALUES (NEWID(), @MaMuaGiai, N'Bàn Thường', 1)
INSERT INTO LOAIBANTHANG VALUES (NEWID(), @MaMuaGiai, N'Bàn Penalty', 1)
INSERT INTO LOAIBANTHANG VALUES (NEWID(), @MaMuaGiai, N'Bàn Phản Lưới', 0)

--CauThu
--Becamex Bình Dương
INSERT INTO CAUTHU VALUES(NEWID(), N'Phạm Văn Tiến', CONVERT(date, '30-04-1993', 105), NULL, (SELECT MaLoaiCauThu FROM LOAICAUTHU WHERE TenLoaiCauThu = N'Thủ môn'), '', (SELECT MaDoi FROM DOIBONG WHERE TenDoi = N'Becamex Bình Dương'), 0, 1)
INSERT INTO CAUTHU VALUES(NEWID(), N'Nguyễn Hùng Thiện Đức', CONVERT(date, '08-12-1999', 105), NULL, (SELECT MaLoaiCauThu FROM LOAICAUTHU WHERE TenLoaiCauThu = N'Hậu vệ'), '', (SELECT MaDoi FROM DOIBONG WHERE TenDoi = N'Becamex Bình Dương'), 0, 2)
INSERT INTO CAUTHU VALUES(NEWID(), N'Nguyễn Thanh Thảo', CONVERT(date, '14-05-1995', 105), NULL, (SELECT MaLoaiCauThu FROM LOAICAUTHU WHERE TenLoaiCauThu = N'Hậu vệ'), '', (SELECT MaDoi FROM DOIBONG WHERE TenDoi = N'Becamex Bình Dương'), 0, 3)
INSERT INTO CAUTHU VALUES(NEWID(), N'Hồ Tấn Tài', CONVERT(date, '06-11-1997', 105), NULL, (SELECT MaLoaiCauThu FROM LOAICAUTHU WHERE TenLoaiCauThu = N'Hậu vệ'), '', (SELECT MaDoi FROM DOIBONG WHERE TenDoi = N'Becamex Bình Dương'), 0, 4)
INSERT INTO CAUTHU VALUES(NEWID(), N'Trần Hữu Đông Triều', CONVERT(date, '20-08-1995', 105), NULL, (SELECT MaLoaiCauThu FROM LOAICAUTHU WHERE TenLoaiCauThu = N'Tiền vệ'), '', (SELECT MaDoi FROM DOIBONG WHERE TenDoi = N'Becamex Bình Dương'), 0, 5)
INSERT INTO CAUTHU VALUES(NEWID(), N'Nguyễn Trọng Huy', CONVERT(date, '25-06-1997', 105), NULL, (SELECT MaLoaiCauThu FROM LOAICAUTHU WHERE TenLoaiCauThu = N'Tiền vệ'), '', (SELECT MaDoi FROM DOIBONG WHERE TenDoi = N'Becamex Bình Dương'), 0, 6)
INSERT INTO CAUTHU VALUES(NEWID(), N'Nguyễn Thanh Long', CONVERT(date, '10-01-1993', 105), NULL, (SELECT MaLoaiCauThu FROM LOAICAUTHU WHERE TenLoaiCauThu = N'Tiền vệ'), '', (SELECT MaDoi FROM DOIBONG WHERE TenDoi = N'Becamex Bình Dương'), 0, 7)
INSERT INTO CAUTHU VALUES(NEWID(), N'Nguyễn Anh Tài', CONVERT(date, '05-02-1996', 105), NULL, (SELECT MaLoaiCauThu FROM LOAICAUTHU WHERE TenLoaiCauThu = N'Hậu vệ'), '', (SELECT MaDoi FROM DOIBONG WHERE TenDoi = N'Becamex Bình Dương'), 0, 8)
INSERT INTO CAUTHU VALUES(NEWID(), N'Đoàn Tuấn Cảnh', CONVERT(date, '27-07-1998', 105), NULL, (SELECT MaLoaiCauThu FROM LOAICAUTHU WHERE TenLoaiCauThu = N'Tiền vệ'), '', (SELECT MaDoi FROM DOIBONG WHERE TenDoi = N'Becamex Bình Dương'), 0, 9)
INSERT INTO CAUTHU VALUES(NEWID(), N'Hedipo Gustavo', CONVERT(date, '07-02-1988', 105), NULL, (SELECT MaLoaiCauThu FROM LOAICAUTHU WHERE TenLoaiCauThu = N'Tiền vệ nước ngoài'), '', (SELECT MaDoi FROM DOIBONG WHERE TenDoi = N'Becamex Bình Dương'), 0, 10)
INSERT INTO CAUTHU VALUES(NEWID(), N'Nguyễn Đoàn Trung Nhân', CONVERT(date, '05-03-1998', 105), NULL, (SELECT MaLoaiCauThu FROM LOAICAUTHU WHERE TenLoaiCauThu = N'Tiền vệ'), '', (SELECT MaDoi FROM DOIBONG WHERE TenDoi = N'Becamex Bình Dương'), 0, 11)
INSERT INTO CAUTHU VALUES(NEWID(), N'Trần Duy Khánh', CONVERT(date, '20-07-1997', 105), NULL, (SELECT MaLoaiCauThu FROM LOAICAUTHU WHERE TenLoaiCauThu = N'Tiền vệ'), '', (SELECT MaDoi FROM DOIBONG WHERE TenDoi = N'Becamex Bình Dương'), 0, 12)
INSERT INTO CAUTHU VALUES(NEWID(), N'Trần Hoàng Phương', CONVERT(date, '11-04-1994', 105), NULL, (SELECT MaLoaiCauThu FROM LOAICAUTHU WHERE TenLoaiCauThu = N'Tiền vệ'), '', (SELECT MaDoi FROM DOIBONG WHERE TenDoi = N'Becamex Bình Dương'), 0, 14)
INSERT INTO CAUTHU VALUES(NEWID(), N'Trương Dũ Đạt', CONVERT(date, '25-07-1997', 105), NULL, (SELECT MaLoaiCauThu FROM LOAICAUTHU WHERE TenLoaiCauThu = N'Hậu vệ'), '', (SELECT MaDoi FROM DOIBONG WHERE TenDoi = N'Becamex Bình Dương'), 0, 15)
INSERT INTO CAUTHU VALUES(NEWID(), N'Nguyễn Trần Việt Cường', CONVERT(date, '27-12-2000', 105), NULL, (SELECT MaLoaiCauThu FROM LOAICAUTHU WHERE TenLoaiCauThu = N'Tiền đạo'), '', (SELECT MaDoi FROM DOIBONG WHERE TenDoi = N'Becamex Bình Dương'), 0, 16)
INSERT INTO CAUTHU VALUES(NEWID(), N'Tống Anh Tỷ', CONVERT(date, '24-01-1997', 105), NULL, (SELECT MaLoaiCauThu FROM LOAICAUTHU WHERE TenLoaiCauThu = N'Tiền vệ'), '', (SELECT MaDoi FROM DOIBONG WHERE TenDoi = N'Becamex Bình Dương'), 0, 17)
INSERT INTO CAUTHU VALUES(NEWID(), N'Nguyễn Trung Đại Dương', CONVERT(date, '09-02-1986', 105), NULL, (SELECT MaLoaiCauThu FROM LOAICAUTHU WHERE TenLoaiCauThu = N'Tiền đạo'), '', (SELECT MaDoi FROM DOIBONG WHERE TenDoi = N'Becamex Bình Dương'), 0, 18)
INSERT INTO CAUTHU VALUES(NEWID(), N'Ngô Hồng Phước', CONVERT(date, '03-07-1998', 105), NULL, (SELECT MaLoaiCauThu FROM LOAICAUTHU WHERE TenLoaiCauThu = N'Tiền đạo'), '', (SELECT MaDoi FROM DOIBONG WHERE TenDoi = N'Becamex Bình Dương'), 0, 19)
INSERT INTO CAUTHU VALUES(NEWID(), N'Toure Youssouf', CONVERT(date, '14-03-1986', 105), NULL, (SELECT MaLoaiCauThu FROM LOAICAUTHU WHERE TenLoaiCauThu = N'Tiền đạo nước ngoài'), '', (SELECT MaDoi FROM DOIBONG WHERE TenDoi = N'Becamex Bình Dương'), 0, 20)
INSERT INTO CAUTHU VALUES(NEWID(), N'Đào Tấn Lộc', CONVERT(date, '15-08-1998', 105), NULL, (SELECT MaLoaiCauThu FROM LOAICAUTHU WHERE TenLoaiCauThu = N'Hậu vệ'), '', (SELECT MaDoi FROM DOIBONG WHERE TenDoi = N'Becamex Bình Dương'), 0, 21)
INSERT INTO CAUTHU VALUES(NEWID(), N'Nguyễn Tiến Linh', CONVERT(date, '20-10-1997', 105), NULL, (SELECT MaLoaiCauThu FROM LOAICAUTHU WHERE TenLoaiCauThu = N'Tiền đạo'), '', (SELECT MaDoi FROM DOIBONG WHERE TenDoi = N'Becamex Bình Dương'), 0, 22)
INSERT INTO CAUTHU VALUES(NEWID(), N'Thân Thắng Toàn', CONVERT(date, '28-01-1996', 105), NULL, (SELECT MaLoaiCauThu FROM LOAICAUTHU WHERE TenLoaiCauThu = N'Hậu vệ'), '', (SELECT MaDoi FROM DOIBONG WHERE TenDoi = N'Becamex Bình Dương'), 0, 23)
INSERT INTO CAUTHU VALUES(NEWID(), N'Trần Hoàng Bảo', CONVERT(date, '15-05-2001', 105), NULL, (SELECT MaLoaiCauThu FROM LOAICAUTHU WHERE TenLoaiCauThu = N'Tiền vệ'), '', (SELECT MaDoi FROM DOIBONG WHERE TenDoi = N'Becamex Bình Dương'), 0, 24)
INSERT INTO CAUTHU VALUES(NEWID(), N'Trần Đức Cường', CONVERT(date, '20-05-1985', 105), NULL, (SELECT MaLoaiCauThu FROM LOAICAUTHU WHERE TenLoaiCauThu = N'Thủ môn'), '', (SELECT MaDoi FROM DOIBONG WHERE TenDoi = N'Becamex Bình Dương'), 0, 25)
INSERT INTO CAUTHU VALUES(NEWID(), N'Trần Phi Hà', CONVERT(date, '06-01-1996', 105), NULL, (SELECT MaLoaiCauThu FROM LOAICAUTHU WHERE TenLoaiCauThu = N'Tiền vệ'), '', (SELECT MaDoi FROM DOIBONG WHERE TenDoi = N'Becamex Bình Dương'), 0, 26)
INSERT INTO CAUTHU VALUES(NEWID(), N'Hồ Sỹ Giáp', CONVERT(date, '18-04-1994', 105), NULL, (SELECT MaLoaiCauThu FROM LOAICAUTHU WHERE TenLoaiCauThu = N'Tiền đạo'), '', (SELECT MaDoi FROM DOIBONG WHERE TenDoi = N'Becamex Bình Dương'), 0, 27)
INSERT INTO CAUTHU VALUES(NEWID(), N'Tô Văn Vũ', CONVERT(date, '20-10-1993', 105), NULL, (SELECT MaLoaiCauThu FROM LOAICAUTHU WHERE TenLoaiCauThu = N'Tiền vệ'), '', (SELECT MaDoi FROM DOIBONG WHERE TenDoi = N'Becamex Bình Dương'), 0, 28)
INSERT INTO CAUTHU VALUES(NEWID(), N'Võ Hoàng Minh Khoa', CONVERT(date, '12-03-2001', 105), NULL, (SELECT MaLoaiCauThu FROM LOAICAUTHU WHERE TenLoaiCauThu = N'Tiền vệ'), '', (SELECT MaDoi FROM DOIBONG WHERE TenDoi = N'Becamex Bình Dương'), 0, 29)
INSERT INTO CAUTHU VALUES(NEWID(), N'Lại Tuấn Vũ', CONVERT(date, '03-02-1993', 105), NULL, (SELECT MaLoaiCauThu FROM LOAICAUTHU WHERE TenLoaiCauThu = N'Thủ môn'), '', (SELECT MaDoi FROM DOIBONG WHERE TenDoi = N'Becamex Bình Dương'), 0, 30)
INSERT INTO CAUTHU VALUES(NEWID(), N'Rabo Ali', CONVERT(date, '12-01-1986', 105), NULL, (SELECT MaLoaiCauThu FROM LOAICAUTHU WHERE TenLoaiCauThu = N'Hậu vệ nước ngoài'), '', (SELECT MaDoi FROM DOIBONG WHERE TenDoi = N'Becamex Bình Dương'), 0, 88)

--Hà Nội
INSERT INTO CAUTHU VALUES(NEWID(), N'Bùi Tấn Trường', CONVERT(date, '19-02-1986', 105), NULL, (SELECT MaLoaiCauThu FROM LOAICAUTHU WHERE TenLoaiCauThu = N'Thủ môn'), '', (SELECT MaDoi FROM DOIBONG WHERE TenDoi = N'Hà Nội'), 0, 1)
INSERT INTO CAUTHU VALUES(NEWID(), N'Nguyễn Văn Dũng', CONVERT(date, '14-04-1994', 105), NULL, (SELECT MaLoaiCauThu FROM LOAICAUTHU WHERE TenLoaiCauThu = N'Hậu vệ'), '', (SELECT MaDoi FROM DOIBONG WHERE TenDoi = N'Hà Nội'), 0, 4)
INSERT INTO CAUTHU VALUES(NEWID(), N'Đậu Văn Toàn', CONVERT(date, '07-04-1997', 105), NULL, (SELECT MaLoaiCauThu FROM LOAICAUTHU WHERE TenLoaiCauThu = N'Tiền vệ'), '', (SELECT MaDoi FROM DOIBONG WHERE TenDoi = N'Hà Nội'), 0, 6)
INSERT INTO CAUTHU VALUES(NEWID(), N'Mạch Ngọc Hà', CONVERT(date, '10-09-2000', 105), NULL, (SELECT MaLoaiCauThu FROM LOAICAUTHU WHERE TenLoaiCauThu = N'Tiền vệ'), '', (SELECT MaDoi FROM DOIBONG WHERE TenDoi = N'Hà Nội'), 0, 7)
INSERT INTO CAUTHU VALUES(NEWID(), N'Moses Oloya', CONVERT(date, '22-10-1992', 105), NULL, (SELECT MaLoaiCauThu FROM LOAICAUTHU WHERE TenLoaiCauThu = N'Tiền vệ nước ngoài'), '', (SELECT MaDoi FROM DOIBONG WHERE TenDoi = N'Hà Nội'), 0, 8)
INSERT INTO CAUTHU VALUES(NEWID(), N'Rimario Allando Gordon', CONVERT(date, '06-07-1994', 105), NULL, (SELECT MaLoaiCauThu FROM LOAICAUTHU WHERE TenLoaiCauThu = N'Tiền đạo nước ngoài'), '', (SELECT MaDoi FROM DOIBONG WHERE TenDoi = N'Hà Nội'), 0, 9)
INSERT INTO CAUTHU VALUES(NEWID(), N'Nguyễn Văn Quyết', CONVERT(date, '01-07-1991', 105), NULL, (SELECT MaLoaiCauThu FROM LOAICAUTHU WHERE TenLoaiCauThu = N'Tiền đạo'), '', (SELECT MaDoi FROM DOIBONG WHERE TenDoi = N'Hà Nội'), 0, 10)
INSERT INTO CAUTHU VALUES(NEWID(), N'Phạm Thành Lương', CONVERT(date, '10-09-1988', 105), NULL, (SELECT MaLoaiCauThu FROM LOAICAUTHU WHERE TenLoaiCauThu = N'Tiền vệ'), '', (SELECT MaDoi FROM DOIBONG WHERE TenDoi = N'Hà Nội'), 0, 11)
INSERT INTO CAUTHU VALUES(NEWID(), N'Trần Văn Kiên', CONVERT(date, '13-05-1996', 105), NULL, (SELECT MaLoaiCauThu FROM LOAICAUTHU WHERE TenLoaiCauThu = N'Hậu vệ'), '', (SELECT MaDoi FROM DOIBONG WHERE TenDoi = N'Hà Nội'), 0, 13)
INSERT INTO CAUTHU VALUES(NEWID(), N'Phạm Đức Huy', CONVERT(date, '20-01-1995', 105), NULL, (SELECT MaLoaiCauThu FROM LOAICAUTHU WHERE TenLoaiCauThu = N'Tiền vệ'), '', (SELECT MaDoi FROM DOIBONG WHERE TenDoi = N'Hà Nội'), 0, 15)
INSERT INTO CAUTHU VALUES(NEWID(), N'Nguyễn Thành Chung', CONVERT(date, '29-03-1997', 105), NULL, (SELECT MaLoaiCauThu FROM LOAICAUTHU WHERE TenLoaiCauThu = N'Hậu vệ'), '', (SELECT MaDoi FROM DOIBONG WHERE TenDoi = N'Hà Nội'), 0, 16)
INSERT INTO CAUTHU VALUES(NEWID(), N'Đặng Văn Tới', CONVERT(date, '12-01-1999', 105), NULL, (SELECT MaLoaiCauThu FROM LOAICAUTHU WHERE TenLoaiCauThu = N'Hậu vệ'), '', (SELECT MaDoi FROM DOIBONG WHERE TenDoi = N'Hà Nội'), 0, 17)
INSERT INTO CAUTHU VALUES(NEWID(), N'Đinh Tiến Thành', CONVERT(date, '24-01-1991', 105), NULL, (SELECT MaLoaiCauThu FROM LOAICAUTHU WHERE TenLoaiCauThu = N'Hậu vệ'), '', (SELECT MaDoi FROM DOIBONG WHERE TenDoi = N'Hà Nội'), 0, 18)
INSERT INTO CAUTHU VALUES(NEWID(), N'Nguyễn Quang Hải', CONVERT(date, '12-04-1997', 105), NULL, (SELECT MaLoaiCauThu FROM LOAICAUTHU WHERE TenLoaiCauThu = N'Tiền vệ'), '', (SELECT MaDoi FROM DOIBONG WHERE TenDoi = N'Hà Nội'), 0, 19)
INSERT INTO CAUTHU VALUES(NEWID(), N'Pape Omar Faye', CONVERT(date, '01-01-1987', 105), NULL, (SELECT MaLoaiCauThu FROM LOAICAUTHU WHERE TenLoaiCauThu = N'Tiền đạo nước ngoài'), '', (SELECT MaDoi FROM DOIBONG WHERE TenDoi = N'Hà Nội'), 0, 20)
INSERT INTO CAUTHU VALUES(NEWID(), N'Trần Đình Trọng', CONVERT(date, '25-04-1997', 105), NULL, (SELECT MaLoaiCauThu FROM LOAICAUTHU WHERE TenLoaiCauThu = N'Hậu vệ'), '', (SELECT MaDoi FROM DOIBONG WHERE TenDoi = N'Hà Nội'), 0, 21)
INSERT INTO CAUTHU VALUES(NEWID(), N'Nguyễn Bá Minh Hiếu', CONVERT(date, '23-05-1997', 105), NULL, (SELECT MaLoaiCauThu FROM LOAICAUTHU WHERE TenLoaiCauThu = N'Thủ môn'), '', (SELECT MaDoi FROM DOIBONG WHERE TenDoi = N'Hà Nội'), 0, 25)
INSERT INTO CAUTHU VALUES(NEWID(), N'Nguyễn Tuấn Anh', CONVERT(date, '07-07-1999', 105), NULL, (SELECT MaLoaiCauThu FROM LOAICAUTHU WHERE TenLoaiCauThu = N'Tiền vệ'), '', (SELECT MaDoi FROM DOIBONG WHERE TenDoi = N'Hà Nội'), 0, 26)
INSERT INTO CAUTHU VALUES(NEWID(), N'Đỗ Duy Mạnh', CONVERT(date, '29-09-1996', 105), NULL, (SELECT MaLoaiCauThu FROM LOAICAUTHU WHERE TenLoaiCauThu = N'Hậu vệ'), '', (SELECT MaDoi FROM DOIBONG WHERE TenDoi = N'Hà Nội'), 0, 28)
INSERT INTO CAUTHU VALUES(NEWID(), N'Ngân Văn Đại', CONVERT(date, '09-02-1992', 105), NULL, (SELECT MaLoaiCauThu FROM LOAICAUTHU WHERE TenLoaiCauThu = N'Tiền đạo'), '', (SELECT MaDoi FROM DOIBONG WHERE TenDoi = N'Hà Nội'), 0, 29)
INSERT INTO CAUTHU VALUES(NEWID(), N'Nguyễn Văn Công', CONVERT(date, '01-08-1992', 105), NULL, (SELECT MaLoaiCauThu FROM LOAICAUTHU WHERE TenLoaiCauThu = N'Thủ môn'), '', (SELECT MaDoi FROM DOIBONG WHERE TenDoi = N'Hà Nội'), 0, 30)
INSERT INTO CAUTHU VALUES(NEWID(), N'Lê Văn Xuân', CONVERT(date, '27-02-1999', 105), NULL, (SELECT MaLoaiCauThu FROM LOAICAUTHU WHERE TenLoaiCauThu = N'Hậu vệ'), '', (SELECT MaDoi FROM DOIBONG WHERE TenDoi = N'Hà Nội'), 0, 45)
INSERT INTO CAUTHU VALUES(NEWID(), N'Lê Xuân Tú', CONVERT(date, '06-09-1999', 105), NULL, (SELECT MaLoaiCauThu FROM LOAICAUTHU WHERE TenLoaiCauThu = N'Tiền đạo'), '', (SELECT MaDoi FROM DOIBONG WHERE TenDoi = N'Hà Nội'), 0, 51)
INSERT INTO CAUTHU VALUES(NEWID(), N'Bùi Hoàng Việt Anh', CONVERT(date, '01-01-1999', 105), NULL, (SELECT MaLoaiCauThu FROM LOAICAUTHU WHERE TenLoaiCauThu = N'Hậu vệ'), '', (SELECT MaDoi FROM DOIBONG WHERE TenDoi = N'Hà Nội'), 0, 68)
INSERT INTO CAUTHU VALUES(NEWID(), N'Trương Văn Thái Quý', CONVERT(date, '22-08-1997', 105), NULL, (SELECT MaLoaiCauThu FROM LOAICAUTHU WHERE TenLoaiCauThu = N'Tiền vệ'), '', (SELECT MaDoi FROM DOIBONG WHERE TenDoi = N'Hà Nội'), 0, 74)
INSERT INTO CAUTHU VALUES(NEWID(), N'Đỗ Hùng Dũng', CONVERT(date, '08-09-1993', 105), NULL, (SELECT MaLoaiCauThu FROM LOAICAUTHU WHERE TenLoaiCauThu = N'Tiền vệ'), '', (SELECT MaDoi FROM DOIBONG WHERE TenDoi = N'Hà Nội'), 0, 88)
INSERT INTO CAUTHU VALUES(NEWID(), N'Nguyễn Mạnh Tiến', CONVERT(date, '19-05-1997', 105), NULL, (SELECT MaLoaiCauThu FROM LOAICAUTHU WHERE TenLoaiCauThu = N'Tiền vệ'), '', (SELECT MaDoi FROM DOIBONG WHERE TenDoi = N'Hà Nội'), 0, 97)
INSERT INTO CAUTHU VALUES(NEWID(), N'Hồ Minh Dĩ', CONVERT(date, '17-02-1998', 105), NULL, (SELECT MaLoaiCauThu FROM LOAICAUTHU WHERE TenLoaiCauThu = N'Tiền vệ'), '', (SELECT MaDoi FROM DOIBONG WHERE TenDoi = N'Hà Nội'), 0, 98)

--Hải Phòng
INSERT INTO CAUTHU VALUES(NEWID(), N'Lê Trung Hiếu', CONVERT(date, '16-02-1994', 105), NULL, (SELECT MaLoaiCauThu FROM LOAICAUTHU WHERE TenLoaiCauThu = N'Tiền vệ'), '', (SELECT MaDoi FROM DOIBONG WHERE TenDoi = N'Hải Phòng'), 0, 2)
INSERT INTO CAUTHU VALUES(NEWID(), N'Phạm Mạnh Hùng', CONVERT(date, '03-03-1993', 105), NULL, (SELECT MaLoaiCauThu FROM LOAICAUTHU WHERE TenLoaiCauThu = N'Hậu vệ'), '', (SELECT MaDoi FROM DOIBONG WHERE TenDoi = N'Hải Phòng'), 0, 3)
INSERT INTO CAUTHU VALUES(NEWID(), N'Nguyễn Thanh Nguyên', CONVERT(date, '01-01-1998', 105), NULL, (SELECT MaLoaiCauThu FROM LOAICAUTHU WHERE TenLoaiCauThu = N'Hậu vệ'), '', (SELECT MaDoi FROM DOIBONG WHERE TenDoi = N'Hải Phòng'), 0, 4)
INSERT INTO CAUTHU VALUES(NEWID(), N'Nguyễn Đình Tài', CONVERT(date, '10-10-1995', 105), NULL, (SELECT MaLoaiCauThu FROM LOAICAUTHU WHERE TenLoaiCauThu = N'Tiền vệ'), '', (SELECT MaDoi FROM DOIBONG WHERE TenDoi = N'Hải Phòng'), 0, 5)
INSERT INTO CAUTHU VALUES(NEWID(), N'Nguyễn Hữu Phúc', CONVERT(date, '20-12-1992', 105), NULL, (SELECT MaLoaiCauThu FROM LOAICAUTHU WHERE TenLoaiCauThu = N'Hậu vệ'), '', (SELECT MaDoi FROM DOIBONG WHERE TenDoi = N'Hải Phòng'), 0, 6)
INSERT INTO CAUTHU VALUES(NEWID(), N'Mpande Joseph Mbolimbo', CONVERT(date, '23-03-1994', 105), NULL, (SELECT MaLoaiCauThu FROM LOAICAUTHU WHERE TenLoaiCauThu = N'Tiền đạo nước ngoài'), '', (SELECT MaDoi FROM DOIBONG WHERE TenDoi = N'Hải Phòng'), 0, 7)
INSERT INTO CAUTHU VALUES(NEWID(), N'Lê Thế Cường', CONVERT(date, '14-12-1990', 105), NULL, (SELECT MaLoaiCauThu FROM LOAICAUTHU WHERE TenLoaiCauThu = N'Tiền vệ'), '', (SELECT MaDoi FROM DOIBONG WHERE TenDoi = N'Hải Phòng'), 0, 9)
INSERT INTO CAUTHU VALUES(NEWID(), N'Diego Olivera Silva', CONVERT(date, '26-12-1990', 105), NULL, (SELECT MaLoaiCauThu FROM LOAICAUTHU WHERE TenLoaiCauThu = N'Tiền đạo nước ngoài'), '', (SELECT MaDoi FROM DOIBONG WHERE TenDoi = N'Hải Phòng'), 0, 10)
INSERT INTO CAUTHU VALUES(NEWID(), N'Nguyễn Hữu Tuấn', CONVERT(date, '12-07-1998', 105), NULL, (SELECT MaLoaiCauThu FROM LOAICAUTHU WHERE TenLoaiCauThu = N'Trung vệ'), '', (SELECT MaDoi FROM DOIBONG WHERE TenDoi = N'Hải Phòng'), 0, 12)
INSERT INTO CAUTHU VALUES(NEWID(), N'Adriano Schmidt', CONVERT(date, '09-05-1994', 105), NULL, (SELECT MaLoaiCauThu FROM LOAICAUTHU WHERE TenLoaiCauThu = N'Trung vệ'), '', (SELECT MaDoi FROM DOIBONG WHERE TenDoi = N'Hải Phòng'), 0, 14)
INSERT INTO CAUTHU VALUES(NEWID(), N'Doãn Ngọc Tân', CONVERT(date, '15-08-1994', 105), NULL, (SELECT MaLoaiCauThu FROM LOAICAUTHU WHERE TenLoaiCauThu = N'Tiền vệ'), '', (SELECT MaDoi FROM DOIBONG WHERE TenDoi = N'Hải Phòng'), 0, 15)
INSERT INTO CAUTHU VALUES(NEWID(), N'Junior Claudecir', CONVERT(date, '29-06-1989', 105), NULL, (SELECT MaLoaiCauThu FROM LOAICAUTHU WHERE TenLoaiCauThu = N'Tiền đạo nước ngoài'), '', (SELECT MaDoi FROM DOIBONG WHERE TenDoi = N'Hải Phòng'), 0, 16)
INSERT INTO CAUTHU VALUES(NEWID(), N'Nguyễn Văn Hạnh', CONVERT(date, '04-04-1998', 105), NULL, (SELECT MaLoaiCauThu FROM LOAICAUTHU WHERE TenLoaiCauThu = N'Trung vệ'), '', (SELECT MaDoi FROM DOIBONG WHERE TenDoi = N'Hải Phòng'), 0, 18)
INSERT INTO CAUTHU VALUES(NEWID(), N'Huỳnh Trọng Nhân', CONVERT(date, '18-08-1994', 105), NULL, (SELECT MaLoaiCauThu FROM LOAICAUTHU WHERE TenLoaiCauThu = N'Hậu vệ'), '', (SELECT MaDoi FROM DOIBONG WHERE TenDoi = N'Hải Phòng'), 0, 19)
INSERT INTO CAUTHU VALUES(NEWID(), N'Nguyễn Bá Đức', CONVERT(date, '23-05-1998', 105), NULL, (SELECT MaLoaiCauThu FROM LOAICAUTHU WHERE TenLoaiCauThu = N'Hậu vệ'), '', (SELECT MaDoi FROM DOIBONG WHERE TenDoi = N'Hải Phòng'), 0, 21)
INSERT INTO CAUTHU VALUES(NEWID(), N'Nguyễn Viết Nguyên', CONVERT(date, '26-01-1995', 105), NULL, (SELECT MaLoaiCauThu FROM LOAICAUTHU WHERE TenLoaiCauThu = N'Tiền đạo'), '', (SELECT MaDoi FROM DOIBONG WHERE TenDoi = N'Hải Phòng'), 0, 22)
INSERT INTO CAUTHU VALUES(NEWID(), N'Nguyễn Thế Dương', CONVERT(date, '06-09-1991', 105), NULL, (SELECT MaLoaiCauThu FROM LOAICAUTHU WHERE TenLoaiCauThu = N'Tiền vệ'), '', (SELECT MaDoi FROM DOIBONG WHERE TenDoi = N'Hải Phòng'), 0, 24)
INSERT INTO CAUTHU VALUES(NEWID(), N'Lo Martin', CONVERT(date, '03-09-1997', 105), NULL, (SELECT MaLoaiCauThu FROM LOAICAUTHU WHERE TenLoaiCauThu = N'Tiền vệ'), '', (SELECT MaDoi FROM DOIBONG WHERE TenDoi = N'Hải Phòng'), 0, 26)
INSERT INTO CAUTHU VALUES(NEWID(), N'Đậu Thanh Phong', CONVERT(date, '28-01-1993', 105), NULL, (SELECT MaLoaiCauThu FROM LOAICAUTHU WHERE TenLoaiCauThu = N'Tiền vệ'), '', (SELECT MaDoi FROM DOIBONG WHERE TenDoi = N'Hải Phòng'), 0, 27)
INSERT INTO CAUTHU VALUES(NEWID(), N'Phạm Hoài Dương', CONVERT(date, '19-06-1994', 105), NULL, (SELECT MaLoaiCauThu FROM LOAICAUTHU WHERE TenLoaiCauThu = N'Hậu vệ'), '', (SELECT MaDoi FROM DOIBONG WHERE TenDoi = N'Hải Phòng'), 0, 28)
INSERT INTO CAUTHU VALUES(NEWID(), N'Hoàng Vissai', CONVERT(date, '15-01-1985', 105), NULL, (SELECT MaLoaiCauThu FROM LOAICAUTHU WHERE TenLoaiCauThu = N'Trung vệ'), '', (SELECT MaDoi FROM DOIBONG WHERE TenDoi = N'Hải Phòng'), 0, 29)
INSERT INTO CAUTHU VALUES(NEWID(), N'Nguyễn Văn Toản', CONVERT(date, '26-11-1999', 105), NULL, (SELECT MaLoaiCauThu FROM LOAICAUTHU WHERE TenLoaiCauThu = N'Thủ môn'), '', (SELECT MaDoi FROM DOIBONG WHERE TenDoi = N'Hải Phòng'), 0, 30)
INSERT INTO CAUTHU VALUES(NEWID(), N'Nguyễn Minh Nhựt', CONVERT(date, '28-03-1986', 105), NULL, (SELECT MaLoaiCauThu FROM LOAICAUTHU WHERE TenLoaiCauThu = N'Thủ môn'), '', (SELECT MaDoi FROM DOIBONG WHERE TenDoi = N'Hải Phòng'), 0, 35)
INSERT INTO CAUTHU VALUES(NEWID(), N'Phạm Văn Luân', CONVERT(date, '12-07-1994', 105), NULL, (SELECT MaLoaiCauThu FROM LOAICAUTHU WHERE TenLoaiCauThu = N'Thủ môn'), '', (SELECT MaDoi FROM DOIBONG WHERE TenDoi = N'Hải Phòng'), 0, 36)
INSERT INTO CAUTHU VALUES(NEWID(), N'Nguyễn Hùng Anh', CONVERT(date, '10-12-1998', 105), NULL, (SELECT MaLoaiCauThu FROM LOAICAUTHU WHERE TenLoaiCauThu = N'Tiền vệ'), '', (SELECT MaDoi FROM DOIBONG WHERE TenDoi = N'Hải Phòng'), 0, 37)
INSERT INTO CAUTHU VALUES(NEWID(), N'Nguyễn Trọng Hiếu', CONVERT(date, '17-01-2001', 105), NULL, (SELECT MaLoaiCauThu FROM LOAICAUTHU WHERE TenLoaiCauThu = N'Tiền vệ'), '', (SELECT MaDoi FROM DOIBONG WHERE TenDoi = N'Hải Phòng'), 0, 38)
INSERT INTO CAUTHU VALUES(NEWID(), N'Đồng Văn Trung', CONVERT(date, '01-03-1994', 105), NULL, (SELECT MaLoaiCauThu FROM LOAICAUTHU WHERE TenLoaiCauThu = N'Tiền đạo'), '', (SELECT MaDoi FROM DOIBONG WHERE TenDoi = N'Hải Phòng'), 0, 39)
INSERT INTO CAUTHU VALUES(NEWID(), N'Nguyễn Thành Đồng', CONVERT(date, '06-02-1995', 105), NULL, (SELECT MaLoaiCauThu FROM LOAICAUTHU WHERE TenLoaiCauThu = N'Tiền vệ'), '', (SELECT MaDoi FROM DOIBONG WHERE TenDoi = N'Hải Phòng'), 0, 45)

--Hoàng Anh Gia Lai
INSERT INTO CAUTHU VALUES(NEWID(), N'Trần Bửu Ngọc', CONVERT(date, '26-02-1991', 105), NULL, (SELECT MaLoaiCauThu FROM LOAICAUTHU WHERE TenLoaiCauThu = N'Thủ môn'), '', (SELECT MaDoi FROM DOIBONG WHERE TenDoi = N'Hoàng Anh Gia Lai'), 0, 1)
INSERT INTO CAUTHU VALUES(NEWID(), N'Nguyễn Cảnh Anh', CONVERT(date, '11-01-2000', 105), NULL, (SELECT MaLoaiCauThu FROM LOAICAUTHU WHERE TenLoaiCauThu = N'Tiền vệ'), '', (SELECT MaDoi FROM DOIBONG WHERE TenDoi = N'Hoàng Anh Gia Lai'), 0, 2)
INSERT INTO CAUTHU VALUES(NEWID(), N'Nguyễn Hữu Anh Tài', CONVERT(date, '28-02-1996', 105), NULL, (SELECT MaLoaiCauThu FROM LOAICAUTHU WHERE TenLoaiCauThu = N'Hậu vệ'), '', (SELECT MaDoi FROM DOIBONG WHERE TenDoi = N'Hoàng Anh Gia Lai'), 0, 3)
INSERT INTO CAUTHU VALUES(NEWID(), N'Memovic Damir', CONVERT(date, '19-01-1989', 105), NULL, (SELECT MaLoaiCauThu FROM LOAICAUTHU WHERE TenLoaiCauThu = N'Hậu vệ nước ngoài'), '', (SELECT MaDoi FROM DOIBONG WHERE TenDoi = N'Hoàng Anh Gia Lai'), 0, 4)
INSERT INTO CAUTHU VALUES(NEWID(), N'Âu Dương Quân', CONVERT(date, '30-04-2000', 105), NULL, (SELECT MaLoaiCauThu FROM LOAICAUTHU WHERE TenLoaiCauThu = N'Hậu vệ'), '', (SELECT MaDoi FROM DOIBONG WHERE TenDoi = N'Hoàng Anh Gia Lai'), 0, 5)
INSERT INTO CAUTHU VALUES(NEWID(), N'Lương Xuân Trường', CONVERT(date, '28-04-1995', 105), NULL, (SELECT MaLoaiCauThu FROM LOAICAUTHU WHERE TenLoaiCauThu = N'Tiền vệ'), '', (SELECT MaDoi FROM DOIBONG WHERE TenDoi = N'Hoàng Anh Gia Lai'), 0, 6)
INSERT INTO CAUTHU VALUES(NEWID(), N'Nguyễn Phong Hồng Duy', CONVERT(date, '13-06-1996', 105), NULL, (SELECT MaLoaiCauThu FROM LOAICAUTHU WHERE TenLoaiCauThu = N'Tiền vệ'), '', (SELECT MaDoi FROM DOIBONG WHERE TenDoi = N'Hoàng Anh Gia Lai'), 0, 7)
INSERT INTO CAUTHU VALUES(NEWID(), N'Trần Minh Vương', CONVERT(date, '28-03-1995', 105), NULL, (SELECT MaLoaiCauThu FROM LOAICAUTHU WHERE TenLoaiCauThu = N'Tiền vệ'), '', (SELECT MaDoi FROM DOIBONG WHERE TenDoi = N'Hoàng Anh Gia Lai'), 0, 8)
INSERT INTO CAUTHU VALUES(NEWID(), N'Nguyễn Văn Toàn', CONVERT(date, '12-04-1996', 105), NULL, (SELECT MaLoaiCauThu FROM LOAICAUTHU WHERE TenLoaiCauThu = N'Tiền vệ'), '', (SELECT MaDoi FROM DOIBONG WHERE TenDoi = N'Hoàng Anh Gia Lai'), 0, 9)
INSERT INTO CAUTHU VALUES(NEWID(), N'Walsh Chevaughn Junior Hugh', CONVERT(date, '14-05-1995', 105), NULL, (SELECT MaLoaiCauThu FROM LOAICAUTHU WHERE TenLoaiCauThu = N'Tiền đạo nước ngoài'), '', (SELECT MaDoi FROM DOIBONG WHERE TenDoi = N'Hoàng Anh Gia Lai'), 0, 10)
INSERT INTO CAUTHU VALUES(NEWID(), N'Nguyễn Tuấn Anh', CONVERT(date, '16-05-1995', 105), NULL, (SELECT MaLoaiCauThu FROM LOAICAUTHU WHERE TenLoaiCauThu = N'Tiền vệ'), '', (SELECT MaDoi FROM DOIBONG WHERE TenDoi = N'Hoàng Anh Gia Lai'), 0, 11)
INSERT INTO CAUTHU VALUES(NEWID(), N'Oahimijie Kelly', CONVERT(date, '18-06-1992', 105), NULL, (SELECT MaLoaiCauThu FROM LOAICAUTHU WHERE TenLoaiCauThu = N'Tiền vệ nước ngoài'), '', (SELECT MaDoi FROM DOIBONG WHERE TenDoi = N'Hoàng Anh Gia Lai'), 0, 12)
INSERT INTO CAUTHU VALUES(NEWID(), N'Trương Trọng Sáng', CONVERT(date, '29-04-1993', 105), NULL, (SELECT MaLoaiCauThu FROM LOAICAUTHU WHERE TenLoaiCauThu = N'Trung vệ'), '', (SELECT MaDoi FROM DOIBONG WHERE TenDoi = N'Hoàng Anh Gia Lai'), 0, 15)
INSERT INTO CAUTHU VALUES(NEWID(), N'Vũ Văn Thanh', CONVERT(date, '14-04-1996', 105), NULL, (SELECT MaLoaiCauThu FROM LOAICAUTHU WHERE TenLoaiCauThu = N'Hậu vệ'), '', (SELECT MaDoi FROM DOIBONG WHERE TenDoi = N'Hoàng Anh Gia Lai'), 0, 17)
INSERT INTO CAUTHU VALUES(NEWID(), N'Hoàng Thanh Tùng', CONVERT(date, '19-11-1996', 105), NULL, (SELECT MaLoaiCauThu FROM LOAICAUTHU WHERE TenLoaiCauThu = N'Tiền vệ'), '', (SELECT MaDoi FROM DOIBONG WHERE TenDoi = N'Hoàng Anh Gia Lai'), 0, 18)
INSERT INTO CAUTHU VALUES(NEWID(), N'Trần Bảo Toàn', CONVERT(date, '14-07-2000', 105), NULL, (SELECT MaLoaiCauThu FROM LOAICAUTHU WHERE TenLoaiCauThu = N'Tiền vệ'), '', (SELECT MaDoi FROM DOIBONG WHERE TenDoi = N'Hoàng Anh Gia Lai'), 0, 20)
INSERT INTO CAUTHU VALUES(NEWID(), N'Nguyễn Kiên Quyết', CONVERT(date, '14-11-1996', 105), NULL, (SELECT MaLoaiCauThu FROM LOAICAUTHU WHERE TenLoaiCauThu = N'Tiền vệ'), '', (SELECT MaDoi FROM DOIBONG WHERE TenDoi = N'Hoàng Anh Gia Lai'), 0, 21)
INSERT INTO CAUTHU VALUES(NEWID(), N'Phan Thanh Hậu', CONVERT(date, '12-01-1997', 105), NULL, (SELECT MaLoaiCauThu FROM LOAICAUTHU WHERE TenLoaiCauThu = N'Tiền vệ'), '', (SELECT MaDoi FROM DOIBONG WHERE TenDoi = N'Hoàng Anh Gia Lai'), 0, 22)
INSERT INTO CAUTHU VALUES(NEWID(), N'Vũ Minh Hiếu', CONVERT(date, '10-05-2002', 105), NULL, (SELECT MaLoaiCauThu FROM LOAICAUTHU WHERE TenLoaiCauThu = N'Tiền đạo'), '', (SELECT MaDoi FROM DOIBONG WHERE TenDoi = N'Hoàng Anh Gia Lai'), 0, 23)
INSERT INTO CAUTHU VALUES(NEWID(), N'Châu Ngọc Quang', CONVERT(date, '01-02-1996', 105), NULL, (SELECT MaLoaiCauThu FROM LOAICAUTHU WHERE TenLoaiCauThu = N'Tiền vệ'), '', (SELECT MaDoi FROM DOIBONG WHERE TenDoi = N'Hoàng Anh Gia Lai'), 0, 24)
INSERT INTO CAUTHU VALUES(NEWID(), N'Phạm Hữu Nghĩa', CONVERT(date, '12-05-1992', 105), NULL, (SELECT MaLoaiCauThu FROM LOAICAUTHU WHERE TenLoaiCauThu = N'Thủ môn'), '', (SELECT MaDoi FROM DOIBONG WHERE TenDoi = N'Hoàng Anh Gia Lai'), 0, 25)
INSERT INTO CAUTHU VALUES(NEWID(), N'Nguyễn Văn Anh', CONVERT(date, '20-10-1996', 105), NULL, (SELECT MaLoaiCauThu FROM LOAICAUTHU WHERE TenLoaiCauThu = N'Tiền đạo'), '', (SELECT MaDoi FROM DOIBONG WHERE TenDoi = N'Hoàng Anh Gia Lai'), 0, 28)
INSERT INTO CAUTHU VALUES(NEWID(), N'Lê Văn Trường', CONVERT(date, '25-12-1995', 105), NULL, (SELECT MaLoaiCauThu FROM LOAICAUTHU WHERE TenLoaiCauThu = N'Thủ môn'), '', (SELECT MaDoi FROM DOIBONG WHERE TenDoi = N'Hoàng Anh Gia Lai'), 0, 68)
INSERT INTO CAUTHU VALUES(NEWID(), N'A Hoàng', CONVERT(date, '31-07-1995', 105), NULL, (SELECT MaLoaiCauThu FROM LOAICAUTHU WHERE TenLoaiCauThu = N'Trung vệ'), '', (SELECT MaDoi FROM DOIBONG WHERE TenDoi = N'Hoàng Anh Gia Lai'), 0, 71)
INSERT INTO CAUTHU VALUES(NEWID(), N'Dụng Quang Nho', CONVERT(date, '01-01-2000', 105), NULL, (SELECT MaLoaiCauThu FROM LOAICAUTHU WHERE TenLoaiCauThu = N'Hậu vệ'), '', (SELECT MaDoi FROM DOIBONG WHERE TenDoi = N'Hoàng Anh Gia Lai'), 0, 86)
INSERT INTO CAUTHU VALUES(NEWID(), N'Triệu Việt Hưng', CONVERT(date, '19-01-1997', 105), NULL, (SELECT MaLoaiCauThu FROM LOAICAUTHU WHERE TenLoaiCauThu = N'Tiền vệ'), '', (SELECT MaDoi FROM DOIBONG WHERE TenDoi = N'Hoàng Anh Gia Lai'), 0, 97)

--Thành Phố Hồ Chí Minh
INSERT INTO CAUTHU VALUES(NEWID(), N'Nguyễn Thanh Thắng', CONVERT(date, '14-12-1988', 105), NULL, (SELECT MaLoaiCauThu FROM LOAICAUTHU WHERE TenLoaiCauThu = N'Thủ môn'), '', (SELECT MaDoi FROM DOIBONG WHERE TenDoi = N'Thành Phố Hồ Chí Minh'), 0, 1)
INSERT INTO CAUTHU VALUES(NEWID(), N'Ngô Tùng Quốc', CONVERT(date, '27-01-1998', 105), NULL, (SELECT MaLoaiCauThu FROM LOAICAUTHU WHERE TenLoaiCauThu = N'Hậu vệ'), '', (SELECT MaDoi FROM DOIBONG WHERE TenDoi = N'Thành Phố Hồ Chí Minh'), 0, 2)
INSERT INTO CAUTHU VALUES(NEWID(), N'Tiêu Ê Xal', CONVERT(date, '14-08-2000', 105), NULL, (SELECT MaLoaiCauThu FROM LOAICAUTHU WHERE TenLoaiCauThu = N'Tiền vệ'), '', (SELECT MaDoi FROM DOIBONG WHERE TenDoi = N'Thành Phố Hồ Chí Minh'), 0, 3)
INSERT INTO CAUTHU VALUES(NEWID(), N'Nguyễn Tăng Tiến', CONVERT(date, '31-01-1994', 105), NULL, (SELECT MaLoaiCauThu FROM LOAICAUTHU WHERE TenLoaiCauThu = N'Hậu vệ'), '', (SELECT MaDoi FROM DOIBONG WHERE TenDoi = N'Thành Phố Hồ Chí Minh'), 0, 4)
INSERT INTO CAUTHU VALUES(NEWID(), N'Ngô Viết Phú', CONVERT(date, '02-01-1992', 105), NULL, (SELECT MaLoaiCauThu FROM LOAICAUTHU WHERE TenLoaiCauThu = N'Hậu vệ'), '', (SELECT MaDoi FROM DOIBONG WHERE TenDoi = N'Thành Phố Hồ Chí Minh'), 0, 5)
INSERT INTO CAUTHU VALUES(NEWID(), N'Seo Yong Duk', CONVERT(date, '10-09-1989', 105), NULL, (SELECT MaLoaiCauThu FROM LOAICAUTHU WHERE TenLoaiCauThu = N'Hậu vệ nước ngoài'), '', (SELECT MaDoi FROM DOIBONG WHERE TenDoi = N'Thành Phố Hồ Chí Minh'), 0, 6)
INSERT INTO CAUTHU VALUES(NEWID(), N'Sầm Ngọc Đức', CONVERT(date, '18-05-1992', 105), NULL, (SELECT MaLoaiCauThu FROM LOAICAUTHU WHERE TenLoaiCauThu = N'Hậu vệ'), '', (SELECT MaDoi FROM DOIBONG WHERE TenDoi = N'Thành Phố Hồ Chí Minh'), 0, 7)
INSERT INTO CAUTHU VALUES(NEWID(), N'Trần Thanh Bình', CONVERT(date, '22-12-1993', 105), NULL, (SELECT MaLoaiCauThu FROM LOAICAUTHU WHERE TenLoaiCauThu = N'Tiền vệ'), '', (SELECT MaDoi FROM DOIBONG WHERE TenDoi = N'Thành Phố Hồ Chí Minh'), 0, 8)
INSERT INTO CAUTHU VALUES(NEWID(), N'Ngô Hoàng Thịnh', CONVERT(date, '21-04-1992', 105), NULL, (SELECT MaLoaiCauThu FROM LOAICAUTHU WHERE TenLoaiCauThu = N'Tiền vệ'), '', (SELECT MaDoi FROM DOIBONG WHERE TenDoi = N'Thành Phố Hồ Chí Minh'), 0, 9)
INSERT INTO CAUTHU VALUES(NEWID(), N'Trần Phi Sơn', CONVERT(date, '14-03-1992', 105), NULL, (SELECT MaLoaiCauThu FROM LOAICAUTHU WHERE TenLoaiCauThu = N'Tiền vệ'), '', (SELECT MaDoi FROM DOIBONG WHERE TenDoi = N'Thành Phố Hồ Chí Minh'), 0, 10)
INSERT INTO CAUTHU VALUES(NEWID(), N'Nguyễn Xuân Nam', CONVERT(date, '18-01-1994', 105), NULL, (SELECT MaLoaiCauThu FROM LOAICAUTHU WHERE TenLoaiCauThu = N'Tiền đạo'), '', (SELECT MaDoi FROM DOIBONG WHERE TenDoi = N'Thành Phố Hồ Chí Minh'), 0, 11)
INSERT INTO CAUTHU VALUES(NEWID(), N'Lê Đức Lương', CONVERT(date, '18-08-1994', 105), NULL, (SELECT MaLoaiCauThu FROM LOAICAUTHU WHERE TenLoaiCauThu = N'Hậu vệ'), '', (SELECT MaDoi FROM DOIBONG WHERE TenDoi = N'Thành Phố Hồ Chí Minh'), 0, 12)
INSERT INTO CAUTHU VALUES(NEWID(), N'Đỗ Văn Thuận', CONVERT(date, '23-05-1992', 105), NULL, (SELECT MaLoaiCauThu FROM LOAICAUTHU WHERE TenLoaiCauThu = N'Tiền vệ'), '', (SELECT MaDoi FROM DOIBONG WHERE TenDoi = N'Thành Phố Hồ Chí Minh'), 0, 14)
INSERT INTO CAUTHU VALUES(NEWID(), N'Nguyễn Hữu Tuấn', CONVERT(date, '12-08-1996', 105), NULL, (SELECT MaLoaiCauThu FROM LOAICAUTHU WHERE TenLoaiCauThu = N'Tiền đạo'), '', (SELECT MaDoi FROM DOIBONG WHERE TenDoi = N'Thành Phố Hồ Chí Minh'), 0, 15)
INSERT INTO CAUTHU VALUES(NEWID(), N'Võ Huy Toàn', CONVERT(date, '15-03-1993', 105), NULL, (SELECT MaLoaiCauThu FROM LOAICAUTHU WHERE TenLoaiCauThu = N'Tiền vệ'), '', (SELECT MaDoi FROM DOIBONG WHERE TenDoi = N'Thành Phố Hồ Chí Minh'), 0, 16)
INSERT INTO CAUTHU VALUES(NEWID(), N'Nguyễn Trung Thành', CONVERT(date, '14-04-2001', 105), NULL, (SELECT MaLoaiCauThu FROM LOAICAUTHU WHERE TenLoaiCauThu = N'Tiền vệ'), '', (SELECT MaDoi FROM DOIBONG WHERE TenDoi = N'Thành Phố Hồ Chí Minh'), 0, 17)
INSERT INTO CAUTHU VALUES(NEWID(), N'Vũ Quang Nam', CONVERT(date, '22-08-1992', 105), NULL, (SELECT MaLoaiCauThu FROM LOAICAUTHU WHERE TenLoaiCauThu = N'Tiền vệ'), '', (SELECT MaDoi FROM DOIBONG WHERE TenDoi = N'Thành Phố Hồ Chí Minh'), 0, 18)
INSERT INTO CAUTHU VALUES(NEWID(), N'Lê Văn Sơn', CONVERT(date, '20-12-1996', 105), NULL, (SELECT MaLoaiCauThu FROM LOAICAUTHU WHERE TenLoaiCauThu = N'Hậu vệ'), '', (SELECT MaDoi FROM DOIBONG WHERE TenDoi = N'Thành Phố Hồ Chí Minh'), 0, 19)
INSERT INTO CAUTHU VALUES(NEWID(), N'Vũ Ngọc Thịnh', CONVERT(date, '08-07-1992', 105), NULL, (SELECT MaLoaiCauThu FROM LOAICAUTHU WHERE TenLoaiCauThu = N'Hậu vệ'), '', (SELECT MaDoi FROM DOIBONG WHERE TenDoi = N'Thành Phố Hồ Chí Minh'), 0, 20)
INSERT INTO CAUTHU VALUES(NEWID(), N'Nguyễn Công Phượng', CONVERT(date, '21-01-1995', 105), NULL, (SELECT MaLoaiCauThu FROM LOAICAUTHU WHERE TenLoaiCauThu = N'Tiền đạo'), '', (SELECT MaDoi FROM DOIBONG WHERE TenDoi = N'Thành Phố Hồ Chí Minh'), 0, 21)
INSERT INTO CAUTHU VALUES(NEWID(), N'Nguyễn Sơn Hải', CONVERT(date, '06-05-1994', 105), NULL, (SELECT MaLoaiCauThu FROM LOAICAUTHU WHERE TenLoaiCauThu = N'Thủ môn'), '', (SELECT MaDoi FROM DOIBONG WHERE TenDoi = N'Thành Phố Hồ Chí Minh'), 0, 26)
INSERT INTO CAUTHU VALUES(NEWID(), N'Phạm Công Hiển', CONVERT(date, '21-07-1992', 105), NULL, (SELECT MaLoaiCauThu FROM LOAICAUTHU WHERE TenLoaiCauThu = N'Tiền vệ'), '', (SELECT MaDoi FROM DOIBONG WHERE TenDoi = N'Thành Phố Hồ Chí Minh'), 0, 28)
INSERT INTO CAUTHU VALUES(NEWID(), N'Bùi Tiến Dũng', CONVERT(date, '28-02-1997', 105), NULL, (SELECT MaLoaiCauThu FROM LOAICAUTHU WHERE TenLoaiCauThu = N'Thủ môn'), '', (SELECT MaDoi FROM DOIBONG WHERE TenDoi = N'Thành Phố Hồ Chí Minh'), 0, 35)
INSERT INTO CAUTHU VALUES(NEWID(), N'Phạm Văn Thành', CONVERT(date, '16-03-1994', 105), NULL, (SELECT MaLoaiCauThu FROM LOAICAUTHU WHERE TenLoaiCauThu = N'Tiền vệ'), '', (SELECT MaDoi FROM DOIBONG WHERE TenDoi = N'Thành Phố Hồ Chí Minh'), 0, 39)
INSERT INTO CAUTHU VALUES(NEWID(), N'Diakite Pape Abdoulaye', CONVERT(date, '22-12-1992', 105), NULL, (SELECT MaLoaiCauThu FROM LOAICAUTHU WHERE TenLoaiCauThu = N'Hậu vệ nước ngoài'), '', (SELECT MaDoi FROM DOIBONG WHERE TenDoi = N'Thành Phố Hồ Chí Minh'), 0, 44)
INSERT INTO CAUTHU VALUES(NEWID(), N'Nguyễn Công Thành', CONVERT(date, '26-07-1991', 105), NULL, (SELECT MaLoaiCauThu FROM LOAICAUTHU WHERE TenLoaiCauThu = N'Hậu vệ'), '', (SELECT MaDoi FROM DOIBONG WHERE TenDoi = N'Thành Phố Hồ Chí Minh'), 0, 71)
INSERT INTO CAUTHU VALUES(NEWID(), N'Vũ Anh Tuấn', CONVERT(date, '08-05-1987', 105), NULL, (SELECT MaLoaiCauThu FROM LOAICAUTHU WHERE TenLoaiCauThu = N'Tiền vệ'), '', (SELECT MaDoi FROM DOIBONG WHERE TenDoi = N'Thành Phố Hồ Chí Minh'), 0, 81)
INSERT INTO CAUTHU VALUES(NEWID(), N'Monteiro De Lima Alexandre', CONVERT(date, '15-12-1988', 105), NULL, (SELECT MaLoaiCauThu FROM LOAICAUTHU WHERE TenLoaiCauThu = N'Tiền đạo nước ngoài'), '', (SELECT MaDoi FROM DOIBONG WHERE TenDoi = N'Thành Phố Hồ Chí Minh'), 0, 88)
INSERT INTO CAUTHU VALUES(NEWID(), N'Amido Balde', CONVERT(date, '16-05-1991', 105), NULL, (SELECT MaLoaiCauThu FROM LOAICAUTHU WHERE TenLoaiCauThu = N'Tiền đạo'), '', (SELECT MaDoi FROM DOIBONG WHERE TenDoi = N'Thành Phố Hồ Chí Minh'), 0, 99)

--Dược Nam Hà Nam Định
INSERT INTO CAUTHU VALUES(NEWID(), N'Trần Liêm Điều', CONVERT(date, '19-02-2001', 105), NULL, (SELECT MaLoaiCauThu FROM LOAICAUTHU WHERE TenLoaiCauThu = N'Thủ môn'), '', (SELECT MaDoi FROM DOIBONG WHERE TenDoi = N'Dược Nam Hà Nam Định'), 0, 1)
INSERT INTO CAUTHU VALUES(NEWID(), N'Phạm Minh Nghĩa', CONVERT(date, '25-09-1998', 105), NULL, (SELECT MaLoaiCauThu FROM LOAICAUTHU WHERE TenLoaiCauThu = N'Tiền vệ'), '', (SELECT MaDoi FROM DOIBONG WHERE TenDoi = N'Dược Nam Hà Nam Định'), 0, 3)
INSERT INTO CAUTHU VALUES(NEWID(), N'Trần Hữu Hoàng', CONVERT(date, '09-05-2000', 105), NULL, (SELECT MaLoaiCauThu FROM LOAICAUTHU WHERE TenLoaiCauThu = N'Hậu vệ'), '', (SELECT MaDoi FROM DOIBONG WHERE TenDoi = N'Dược Nam Hà Nam Định'), 0, 4)
INSERT INTO CAUTHU VALUES(NEWID(), N'Lâm Anh Quang', CONVERT(date, '24-04-1991', 105), NULL, (SELECT MaLoaiCauThu FROM LOAICAUTHU WHERE TenLoaiCauThu = N'Hậu vệ'), '', (SELECT MaDoi FROM DOIBONG WHERE TenDoi = N'Dược Nam Hà Nam Định'), 0, 5)
INSERT INTO CAUTHU VALUES(NEWID(), N'Lê Sỹ Minh', CONVERT(date, '23-03-1993', 105), NULL, (SELECT MaLoaiCauThu FROM LOAICAUTHU WHERE TenLoaiCauThu = N'Trung vệ'), '', (SELECT MaDoi FROM DOIBONG WHERE TenDoi = N'Dược Nam Hà Nam Định'), 0, 8)
INSERT INTO CAUTHU VALUES(NEWID(), N'Rafaelson Bezerra Fernandes', CONVERT(date, '30-03-1997', 105), NULL, (SELECT MaLoaiCauThu FROM LOAICAUTHU WHERE TenLoaiCauThu = N'Tiền đạo nước ngoài'), '', (SELECT MaDoi FROM DOIBONG WHERE TenDoi = N'Dược Nam Hà Nam Định'), 0, 9)
INSERT INTO CAUTHU VALUES(NEWID(), N'Trần Mạnh Hùng', CONVERT(date, '17-03-1997', 105), NULL, (SELECT MaLoaiCauThu FROM LOAICAUTHU WHERE TenLoaiCauThu = N'Tiền vệ'), '', (SELECT MaDoi FROM DOIBONG WHERE TenDoi = N'Dược Nam Hà Nam Định'), 0, 10)
INSERT INTO CAUTHU VALUES(NEWID(), N'Phạm Hồng Sơn', CONVERT(date, '24-09-1997', 105), NULL, (SELECT MaLoaiCauThu FROM LOAICAUTHU WHERE TenLoaiCauThu = N'Tiền vệ'), '', (SELECT MaDoi FROM DOIBONG WHERE TenDoi = N'Dược Nam Hà Nam Định'), 0, 14)
INSERT INTO CAUTHU VALUES(NEWID(), N'Hoàng Xuân Tân', CONVERT(date, '22-02-2001', 105), NULL, (SELECT MaLoaiCauThu FROM LOAICAUTHU WHERE TenLoaiCauThu = N'Tiền vệ'), '', (SELECT MaDoi FROM DOIBONG WHERE TenDoi = N'Dược Nam Hà Nam Định'), 0, 17)
INSERT INTO CAUTHU VALUES(NEWID(), N'Đoàn Thanh Trường', CONVERT(date, '03-11-2000', 105), NULL, (SELECT MaLoaiCauThu FROM LOAICAUTHU WHERE TenLoaiCauThu = N'Tiền vệ'), '', (SELECT MaDoi FROM DOIBONG WHERE TenDoi = N'Dược Nam Hà Nam Định'), 0, 18)
INSERT INTO CAUTHU VALUES(NEWID(), N'Đỗ Merlo', CONVERT(date, '26-01-1985', 105), NULL, (SELECT MaLoaiCauThu FROM LOAICAUTHU WHERE TenLoaiCauThu = N'Tiền đạo'), '', (SELECT MaDoi FROM DOIBONG WHERE TenDoi = N'Dược Nam Hà Nam Định'), 0, 19)
INSERT INTO CAUTHU VALUES(NEWID(), N'Emmanuel Tony Agbaji', CONVERT(date, '21-11-1992', 105), NULL, (SELECT MaLoaiCauThu FROM LOAICAUTHU WHERE TenLoaiCauThu = N'Hậu vệ nước ngoài'), '', (SELECT MaDoi FROM DOIBONG WHERE TenDoi = N'Dược Nam Hà Nam Định'), 0, 20)
INSERT INTO CAUTHU VALUES(NEWID(), N'Ngô Đức Huy', CONVERT(date, '22-02-2000', 105), NULL, (SELECT MaLoaiCauThu FROM LOAICAUTHU WHERE TenLoaiCauThu = N'Hậu vệ'), '', (SELECT MaDoi FROM DOIBONG WHERE TenDoi = N'Dược Nam Hà Nam Định'), 0, 22)
INSERT INTO CAUTHU VALUES(NEWID(), N'Phan Văn Hiếu', CONVERT(date, '23-08-2000', 105), NULL, (SELECT MaLoaiCauThu FROM LOAICAUTHU WHERE TenLoaiCauThu = N'Tiền vệ'), '', (SELECT MaDoi FROM DOIBONG WHERE TenDoi = N'Dược Nam Hà Nam Định'), 0, 23)
INSERT INTO CAUTHU VALUES(NEWID(), N'Đinh Quang Phán', CONVERT(date, '15-03-1992', 105), NULL, (SELECT MaLoaiCauThu FROM LOAICAUTHU WHERE TenLoaiCauThu = N'Thủ môn'), '', (SELECT MaDoi FROM DOIBONG WHERE TenDoi = N'Dược Nam Hà Nam Định'), 0, 25)
INSERT INTO CAUTHU VALUES(NEWID(), N'Hoàng Minh Tuấn', CONVERT(date, '26-08-1995', 105), NULL, (SELECT MaLoaiCauThu FROM LOAICAUTHU WHERE TenLoaiCauThu = N'Tiền đạo'), '', (SELECT MaDoi FROM DOIBONG WHERE TenDoi = N'Dược Nam Hà Nam Định'), 0, 28)
INSERT INTO CAUTHU VALUES(NEWID(), N'Nguyễn Đình Mạnh', CONVERT(date, '25-04-1998', 105), NULL, (SELECT MaLoaiCauThu FROM LOAICAUTHU WHERE TenLoaiCauThu = N'Tiền vệ'), '', (SELECT MaDoi FROM DOIBONG WHERE TenDoi = N'Dược Nam Hà Nam Định'), 0, 29)
INSERT INTO CAUTHU VALUES(NEWID(), N'Vũ Thế Vương', CONVERT(date, '03-01-1994', 105), NULL, (SELECT MaLoaiCauThu FROM LOAICAUTHU WHERE TenLoaiCauThu = N'Tiền vệ'), '', (SELECT MaDoi FROM DOIBONG WHERE TenDoi = N'Dược Nam Hà Nam Định'), 0, 30)
INSERT INTO CAUTHU VALUES(NEWID(), N'Trần Mạnh Cường', CONVERT(date, '27-01-1993', 105), NULL, (SELECT MaLoaiCauThu FROM LOAICAUTHU WHERE TenLoaiCauThu = N'Hậu vệ'), '', (SELECT MaDoi FROM DOIBONG WHERE TenDoi = N'Dược Nam Hà Nam Định'), 0, 32)
INSERT INTO CAUTHU VALUES(NEWID(), N'Lê Quốc Hường', CONVERT(date, '29-03-1991', 105), NULL, (SELECT MaLoaiCauThu FROM LOAICAUTHU WHERE TenLoaiCauThu = N'Hậu vệ'), '', (SELECT MaDoi FROM DOIBONG WHERE TenDoi = N'Dược Nam Hà Nam Định'), 0, 38)
INSERT INTO CAUTHU VALUES(NEWID(), N'Thiago Santos', CONVERT(date, '30-12-1991', 105), NULL, (SELECT MaLoaiCauThu FROM LOAICAUTHU WHERE TenLoaiCauThu = N'Hậu vệ nước ngoài'), '', (SELECT MaDoi FROM DOIBONG WHERE TenDoi = N'Dược Nam Hà Nam Định'), 0, 55)
INSERT INTO CAUTHU VALUES(NEWID(), N'Đinh Xuân Việt', CONVERT(date, '10-11-1983', 105), NULL, (SELECT MaLoaiCauThu FROM LOAICAUTHU WHERE TenLoaiCauThu = N'Thủ môn'), '', (SELECT MaDoi FROM DOIBONG WHERE TenDoi = N'Dược Nam Hà Nam Định'), 0, 56)
INSERT INTO CAUTHU VALUES(NEWID(), N'Nguyễn Hạ Long', CONVERT(date, '09-03-1994', 105), NULL, (SELECT MaLoaiCauThu FROM LOAICAUTHU WHERE TenLoaiCauThu = N'Hậu vệ'), '', (SELECT MaDoi FROM DOIBONG WHERE TenDoi = N'Dược Nam Hà Nam Định'), 0, 88)
INSERT INTO CAUTHU VALUES(NEWID(), N'Mai Xuân Quyết', CONVERT(date, '01-04-1999', 105), NULL, (SELECT MaLoaiCauThu FROM LOAICAUTHU WHERE TenLoaiCauThu = N'Tiền đạo'), '', (SELECT MaDoi FROM DOIBONG WHERE TenDoi = N'Dược Nam Hà Nam Định'), 0, 96)
INSERT INTO CAUTHU VALUES(NEWID(), N'Đinh Văn Trường', CONVERT(date, '22-10-1996', 105), NULL, (SELECT MaLoaiCauThu FROM LOAICAUTHU WHERE TenLoaiCauThu = N'Hậu vệ'), '', (SELECT MaDoi FROM DOIBONG WHERE TenDoi = N'Dược Nam Hà Nam Định'), 0, 99)

--Quảng Nam
INSERT INTO CAUTHU VALUES(NEWID(), N'Nguyễn Ngọc Bin', CONVERT(date, '20/07/1999', 105), NULL, (SELECT MaLoaiCauThu FROM LOAICAUTHU WHERE TenLoaiCauThu = N'Thủ môn'), '', (SELECT MaDoi FROM DOIBONG WHERE TenDoi = N'Quảng Nam'), 0, 1)
INSERT INTO CAUTHU VALUES(NEWID(), N'Đinh Viết Tú', CONVERT(date, '16-8-1992', 105), NULL, (SELECT MaLoaiCauThu FROM LOAICAUTHU WHERE TenLoaiCauThu = N'Hậu vệ'), '', (SELECT MaDoi FROM DOIBONG WHERE TenDoi = N'Quảng Nam'), 0, 2)
INSERT INTO CAUTHU VALUES(NEWID(), N'Huỳnh Tấn Sinh', CONVERT(date, '06-04-1998', 105), NULL, (SELECT MaLoaiCauThu FROM LOAICAUTHU WHERE TenLoaiCauThu = N'Hậu vệ'), '', (SELECT MaDoi FROM DOIBONG WHERE TenDoi = N'Quảng Nam'), 0, 3)
INSERT INTO CAUTHU VALUES(NEWID(), N'Trần Văn Tâm', CONVERT(date, '13/02/1991', 105), NULL, (SELECT MaLoaiCauThu FROM LOAICAUTHU WHERE TenLoaiCauThu = N'Hậu vệ'), '', (SELECT MaDoi FROM DOIBONG WHERE TenDoi = N'Quảng Nam'), 0, 4)
INSERT INTO CAUTHU VALUES(NEWID(), N'Đặng Hữu Phước', CONVERT(date, '06-11-1990', 105), NULL, (SELECT MaLoaiCauThu FROM LOAICAUTHU WHERE TenLoaiCauThu = N'Tiền vệ'), '', (SELECT MaDoi FROM DOIBONG WHERE TenDoi = N'Quảng Nam'), 0, 6)
INSERT INTO CAUTHU VALUES(NEWID(), N'Đinh Thanh Trung', CONVERT(date, '24-01-1988', 105), NULL, (SELECT MaLoaiCauThu FROM LOAICAUTHU WHERE TenLoaiCauThu = N'Tiền vệ'), '', (SELECT MaDoi FROM DOIBONG WHERE TenDoi = N'Quảng Nam'), 0, 7)
INSERT INTO CAUTHU VALUES(NEWID(), N'Jose Paulo Pinto', CONVERT(date, '26/03/1994', 105), NULL, (SELECT MaLoaiCauThu FROM LOAICAUTHU WHERE TenLoaiCauThu = N'Tiền vệ'), '', (SELECT MaDoi FROM DOIBONG WHERE TenDoi = N'Quảng Nam'), 0, 8)
INSERT INTO CAUTHU VALUES(NEWID(), N'Hà Minh Tuấn', CONVERT(date, '01-01-1991', 105), NULL, (SELECT MaLoaiCauThu FROM LOAICAUTHU WHERE TenLoaiCauThu = N'Tiền đạo'), '', (SELECT MaDoi FROM DOIBONG WHERE TenDoi = N'Quảng Nam'), 0, 9)
INSERT INTO CAUTHU VALUES(NEWID(), N'Phan Đình Thắng', CONVERT(date, '02-10-1993', 105), NULL, (SELECT MaLoaiCauThu FROM LOAICAUTHU WHERE TenLoaiCauThu = N'Tiền vệ'), '', (SELECT MaDoi FROM DOIBONG WHERE TenDoi = N'Quảng Nam'), 0, 10)
INSERT INTO CAUTHU VALUES(NEWID(), N'Rodrigo Da Silva Dias', CONVERT(date, '26-01-1994', 105), NULL, (SELECT MaLoaiCauThu FROM LOAICAUTHU WHERE TenLoaiCauThu = N'Tiền đạo nước ngoài'), '', (SELECT MaDoi FROM DOIBONG WHERE TenDoi = N'Quảng Nam'), 0, 11)
INSERT INTO CAUTHU VALUES(NEWID(), N'Trịnh Duy Long', CONVERT(date, '22-01-1992', 105), NULL, (SELECT MaLoaiCauThu FROM LOAICAUTHU WHERE TenLoaiCauThu = N'Tiền đạo'), '', (SELECT MaDoi FROM DOIBONG WHERE TenDoi = N'Quảng Nam'), 0, 12)
INSERT INTO CAUTHU VALUES(NEWID(), N'Nguyễn Hoàng Quốc Chí', CONVERT(date, '14-12-1991', 105), NULL, (SELECT MaLoaiCauThu FROM LOAICAUTHU WHERE TenLoaiCauThu = N'Tiền vệ'), '', (SELECT MaDoi FROM DOIBONG WHERE TenDoi = N'Quảng Nam'), 0, 13)
INSERT INTO CAUTHU VALUES(NEWID(), N'Nguyễn Huy Hùng', CONVERT(date, '14-08-1992', 105), NULL, (SELECT MaLoaiCauThu FROM LOAICAUTHU WHERE TenLoaiCauThu = N'Tiền vệ'), '', (SELECT MaDoi FROM DOIBONG WHERE TenDoi = N'Quảng Nam'), 0, 14)
INSERT INTO CAUTHU VALUES(NEWID(), N'Đào Duy Khánh', CONVERT(date, '30-01-1994', 105), NULL, (SELECT MaLoaiCauThu FROM LOAICAUTHU WHERE TenLoaiCauThu = N'Hậu vệ'), '', (SELECT MaDoi FROM DOIBONG WHERE TenDoi = N'Quảng Nam'), 0, 15)
INSERT INTO CAUTHU VALUES(NEWID(), N'Nguyễn Như Tuấn', CONVERT(date, '15-01-1995', 105), NULL, (SELECT MaLoaiCauThu FROM LOAICAUTHU WHERE TenLoaiCauThu = N'Tiền vệ'), '', (SELECT MaDoi FROM DOIBONG WHERE TenDoi = N'Quảng Nam'), 0, 16)
INSERT INTO CAUTHU VALUES(NEWID(), N'Ngô Quang Huy', CONVERT(date, '28-11-1990', 105), NULL, (SELECT MaLoaiCauThu FROM LOAICAUTHU WHERE TenLoaiCauThu = N'Tiền vệ'), '', (SELECT MaDoi FROM DOIBONG WHERE TenDoi = N'Quảng Nam'), 0, 17)
INSERT INTO CAUTHU VALUES(NEWID(), N'Nguyễn Văn Trạng', CONVERT(date, '15-06-1998', 105), NULL, (SELECT MaLoaiCauThu FROM LOAICAUTHU WHERE TenLoaiCauThu = N'Tiền vệ'), '', (SELECT MaDoi FROM DOIBONG WHERE TenDoi = N'Quảng Nam'), 0, 18)
INSERT INTO CAUTHU VALUES(NEWID(), N'Phan Thanh Hưng', CONVERT(date, '01-01-1987', 105), NULL, (SELECT MaLoaiCauThu FROM LOAICAUTHU WHERE TenLoaiCauThu = N'Tiền vệ'), '', (SELECT MaDoi FROM DOIBONG WHERE TenDoi = N'Quảng Nam'), 0, 19)
INSERT INTO CAUTHU VALUES(NEWID(), N'Nguyễn Văn Đô', CONVERT(date, '11-07-1998', 105), NULL, (SELECT MaLoaiCauThu FROM LOAICAUTHU WHERE TenLoaiCauThu = N'Tiền vệ'), '', (SELECT MaDoi FROM DOIBONG WHERE TenDoi = N'Quảng Nam'), 0, 20)
INSERT INTO CAUTHU VALUES(NEWID(), N'Trần Mạnh Toàn', CONVERT(date, '01-01-1988', 105), NULL, (SELECT MaLoaiCauThu FROM LOAICAUTHU WHERE TenLoaiCauThu = N'Trung vệ'), '', (SELECT MaDoi FROM DOIBONG WHERE TenDoi = N'Quảng Nam'), 0, 21)
INSERT INTO CAUTHU VALUES(NEWID(), N'Trịnh Văn Hà', CONVERT(date, '14-02-1992', 105), NULL, (SELECT MaLoaiCauThu FROM LOAICAUTHU WHERE TenLoaiCauThu = N'Hậu vệ'), '', (SELECT MaDoi FROM DOIBONG WHERE TenDoi = N'Quảng Nam'), 0, 22)
INSERT INTO CAUTHU VALUES(NEWID(), N'Papa Ibou Kebe', CONVERT(date, '12-10-1989', 105), NULL, (SELECT MaLoaiCauThu FROM LOAICAUTHU WHERE TenLoaiCauThu = N'Tiền đạo nước ngoài'), '', (SELECT MaDoi FROM DOIBONG WHERE TenDoi = N'Quảng Nam'), 0, 23)
INSERT INTO CAUTHU VALUES(NEWID(), N'Lucas Rocha', CONVERT(date, '14-07-1991', 105), NULL, (SELECT MaLoaiCauThu FROM LOAICAUTHU WHERE TenLoaiCauThu = N'Trung vệ nước ngoài'), '', (SELECT MaDoi FROM DOIBONG WHERE TenDoi = N'Quảng Nam'), 0, 24)
INSERT INTO CAUTHU VALUES(NEWID(), N'Phạm Văn Cường', CONVERT(date, '19-07-1990', 105), NULL, (SELECT MaLoaiCauThu FROM LOAICAUTHU WHERE TenLoaiCauThu = N'Thủ môn'), '', (SELECT MaDoi FROM DOIBONG WHERE TenDoi = N'Quảng Nam'), 0, 25)
INSERT INTO CAUTHU VALUES(NEWID(), N'Trần Văn Chiến', CONVERT(date, '23-09-1996', 105), NULL, (SELECT MaLoaiCauThu FROM LOAICAUTHU WHERE TenLoaiCauThu = N'Thủ môn'), '', (SELECT MaDoi FROM DOIBONG WHERE TenDoi = N'Quảng Nam'), 0, 26)
INSERT INTO CAUTHU VALUES(NEWID(), N'Nguyễn Văn Thạnh', CONVERT(date, '26-05-1991', 105), NULL, (SELECT MaLoaiCauThu FROM LOAICAUTHU WHERE TenLoaiCauThu = N'Tiền đạo'), '', (SELECT MaDoi FROM DOIBONG WHERE TenDoi = N'Quảng Nam'), 0, 27)
INSERT INTO CAUTHU VALUES(NEWID(), N'Nguyễn Anh Tuấn', CONVERT(date, '01-02-1990', 105), NULL, (SELECT MaLoaiCauThu FROM LOAICAUTHU WHERE TenLoaiCauThu = N'Tiền vệ'), '', (SELECT MaDoi FROM DOIBONG WHERE TenDoi = N'Quảng Nam'), 0, 28)
INSERT INTO CAUTHU VALUES(NEWID(), N'Võ Văn Toàn', CONVERT(date, '28-04-1999', 105), NULL, (SELECT MaLoaiCauThu FROM LOAICAUTHU WHERE TenLoaiCauThu = N'Tiền vệ'), '', (SELECT MaDoi FROM DOIBONG WHERE TenDoi = N'Quảng Nam'), 0, 34)
INSERT INTO CAUTHU VALUES(NEWID(), N'Lê Đức Lộc', CONVERT(date, '19-05-1990', 105), NULL, (SELECT MaLoaiCauThu FROM LOAICAUTHU WHERE TenLoaiCauThu = N'Trung vệ'), '', (SELECT MaDoi FROM DOIBONG WHERE TenDoi = N'Quảng Nam'), 0, 38)
INSERT INTO CAUTHU VALUES(NEWID(), N'Nguyễn Hồng Sơn', CONVERT(date, '24-10-2000', 105), NULL, (SELECT MaLoaiCauThu FROM LOAICAUTHU WHERE TenLoaiCauThu = N'Tiền vệ'), '', (SELECT MaDoi FROM DOIBONG WHERE TenDoi = N'Quảng Nam'), 0, 73)
INSERT INTO CAUTHU VALUES(NEWID(), N'Nguyễn Anh Hùng', CONVERT(date, '14-08-1992', 105), NULL, (SELECT MaLoaiCauThu FROM LOAICAUTHU WHERE TenLoaiCauThu = N'Hậu vệ'), '', (SELECT MaDoi FROM DOIBONG WHERE TenDoi = N'Quảng Nam'), 0, 92)

--Sài Gòn
INSERT INTO CAUTHU VALUES(NEWID(), N'Ngô Anh Vũ', CONVERT(date, '02-02-1989', 105), NULL, (SELECT MaLoaiCauThu FROM LOAICAUTHU WHERE TenLoaiCauThu = N'Trung vệ'), '', (SELECT MaDoi FROM DOIBONG WHERE TenDoi = N'Sài Gòn'), 0, 3)
INSERT INTO CAUTHU VALUES(NEWID(), N'Nguyễn Nam Anh', CONVERT(date, '01-06-1993', 105), NULL, (SELECT MaLoaiCauThu FROM LOAICAUTHU WHERE TenLoaiCauThu = N'Trung vệ'), '', (SELECT MaDoi FROM DOIBONG WHERE TenDoi = N'Sài Gòn'), 0, 5)
INSERT INTO CAUTHU VALUES(NEWID(), N'Trần Văn Bửu', CONVERT(date, '17-07-1998', 105), NULL, (SELECT MaLoaiCauThu FROM LOAICAUTHU WHERE TenLoaiCauThu = N'Tiền vệ'), '', (SELECT MaDoi FROM DOIBONG WHERE TenDoi = N'Sài Gòn'), 0, 6)
INSERT INTO CAUTHU VALUES(NEWID(), N'Nguyễn Ngọc Duy', CONVERT(date, '07-04-1986', 105), NULL, (SELECT MaLoaiCauThu FROM LOAICAUTHU WHERE TenLoaiCauThu = N'Tiền vệ'), '', (SELECT MaDoi FROM DOIBONG WHERE TenDoi = N'Sài Gòn'), 0, 7)
INSERT INTO CAUTHU VALUES(NEWID(), N'Nguyễn Vũ Tín', CONVERT(date, '01-01-1998', 105), NULL, (SELECT MaLoaiCauThu FROM LOAICAUTHU WHERE TenLoaiCauThu = N'Tiền vệ'), '', (SELECT MaDoi FROM DOIBONG WHERE TenDoi = N'Sài Gòn'), 0, 8)
INSERT INTO CAUTHU VALUES(NEWID(), N'Nguyễn Đình Bảo', CONVERT(date, '19-05-1991', 105), NULL, (SELECT MaLoaiCauThu FROM LOAICAUTHU WHERE TenLoaiCauThu = N'Tiền đạo'), '', (SELECT MaDoi FROM DOIBONG WHERE TenDoi = N'Sài Gòn'), 0, 9)
INSERT INTO CAUTHU VALUES(NEWID(), N'Pedro Paulo Alves Vieira Dos Reis', CONVERT(date, '10-02-1994', 105), NULL, (SELECT MaLoaiCauThu FROM LOAICAUTHU WHERE TenLoaiCauThu = N'Tiền đạo nước ngoài'), '', (SELECT MaDoi FROM DOIBONG WHERE TenDoi = N'Sài Gòn'), 0, 10)
INSERT INTO CAUTHU VALUES(NEWID(), N'Trịnh Đức Lợi', CONVERT(date, '22-08-1994', 105), NULL, (SELECT MaLoaiCauThu FROM LOAICAUTHU WHERE TenLoaiCauThu = N'Trung vệ'), '', (SELECT MaDoi FROM DOIBONG WHERE TenDoi = N'Sài Gòn'), 0, 15)
INSERT INTO CAUTHU VALUES(NEWID(), N'Bùi Trần Vũ', CONVERT(date, '10-10-1989', 105), NULL, (SELECT MaLoaiCauThu FROM LOAICAUTHU WHERE TenLoaiCauThu = N'Tiền vệ'), '', (SELECT MaDoi FROM DOIBONG WHERE TenDoi = N'Sài Gòn'), 0, 16)
INSERT INTO CAUTHU VALUES(NEWID(), N'Nguyễn Minh Trung', CONVERT(date, '09-12-1992', 105), NULL, (SELECT MaLoaiCauThu FROM LOAICAUTHU WHERE TenLoaiCauThu = N'Tiền vệ'), '', (SELECT MaDoi FROM DOIBONG WHERE TenDoi = N'Sài Gòn'), 0, 17)
INSERT INTO CAUTHU VALUES(NEWID(), N'Lê Quốc Phương', CONVERT(date, '19-05-1991', 105), NULL, (SELECT MaLoaiCauThu FROM LOAICAUTHU WHERE TenLoaiCauThu = N'Tiền vệ'), '', (SELECT MaDoi FROM DOIBONG WHERE TenDoi = N'Sài Gòn'), 0, 19)
INSERT INTO CAUTHU VALUES(NEWID(), N'Nguyễn Thanh Thụ', CONVERT(date, '01-12-1993', 105), NULL, (SELECT MaLoaiCauThu FROM LOAICAUTHU WHERE TenLoaiCauThu = N'Hậu vệ'), '', (SELECT MaDoi FROM DOIBONG WHERE TenDoi = N'Sài Gòn'), 0, 20)
INSERT INTO CAUTHU VALUES(NEWID(), N'Nguyễn Quốc Long', CONVERT(date, '19-02-1988', 105), NULL, (SELECT MaLoaiCauThu FROM LOAICAUTHU WHERE TenLoaiCauThu = N'Hậu vệ'), '', (SELECT MaDoi FROM DOIBONG WHERE TenDoi = N'Sài Gòn'), 0, 22)
INSERT INTO CAUTHU VALUES(NEWID(), N'Cao Văn Triền', CONVERT(date, '18-06-1993', 105), NULL, (SELECT MaLoaiCauThu FROM LOAICAUTHU WHERE TenLoaiCauThu = N'Tiền vệ'), '', (SELECT MaDoi FROM DOIBONG WHERE TenDoi = N'Sài Gòn'), 0, 23)
INSERT INTO CAUTHU VALUES(NEWID(), N'Tống Đức An', CONVERT(date, '21-03-1991', 105), NULL, (SELECT MaLoaiCauThu FROM LOAICAUTHU WHERE TenLoaiCauThu = N'Thủ môn'), '', (SELECT MaDoi FROM DOIBONG WHERE TenDoi = N'Sài Gòn'), 0, 24)
INSERT INTO CAUTHU VALUES(NEWID(), N'Thân Thành Tín', CONVERT(date, '30-05-1993', 105), NULL, (SELECT MaLoaiCauThu FROM LOAICAUTHU WHERE TenLoaiCauThu = N'Hậu vệ'), '', (SELECT MaDoi FROM DOIBONG WHERE TenDoi = N'Sài Gòn'), 0, 26)
INSERT INTO CAUTHU VALUES(NEWID(), N'Nguyễn Hữu Sơn', CONVERT(date, '27-09-1996', 105), NULL, (SELECT MaLoaiCauThu FROM LOAICAUTHU WHERE TenLoaiCauThu = N'Tiền vệ'), '', (SELECT MaDoi FROM DOIBONG WHERE TenDoi = N'Sài Gòn'), 0, 27)
INSERT INTO CAUTHU VALUES(NEWID(), N'Ngô Xuân Toàn', CONVERT(date, '10-02-1993', 105), NULL, (SELECT MaLoaiCauThu FROM LOAICAUTHU WHERE TenLoaiCauThu = N'Tiền vệ'), '', (SELECT MaDoi FROM DOIBONG WHERE TenDoi = N'Sài Gòn'), 0, 29)
INSERT INTO CAUTHU VALUES(NEWID(), N'Nguyễn Bá Dương', CONVERT(date, '17-10-1997', 105), NULL, (SELECT MaLoaiCauThu FROM LOAICAUTHU WHERE TenLoaiCauThu = N'Tiền vệ'), '', (SELECT MaDoi FROM DOIBONG WHERE TenDoi = N'Sài Gòn'), 0, 31)
INSERT INTO CAUTHU VALUES(NEWID(), N'Nguyễn Văn Ngọ', CONVERT(date, '01-08-1991', 105), NULL, (SELECT MaLoaiCauThu FROM LOAICAUTHU WHERE TenLoaiCauThu = N'Hậu vệ'), '', (SELECT MaDoi FROM DOIBONG WHERE TenDoi = N'Sài Gòn'), 0, 32)
INSERT INTO CAUTHU VALUES(NEWID(), N'Phạm Văn Phong', CONVERT(date, '06-06-1993', 105), NULL, (SELECT MaLoaiCauThu FROM LOAICAUTHU WHERE TenLoaiCauThu = N'Thủ môn'), '', (SELECT MaDoi FROM DOIBONG WHERE TenDoi = N'Sài Gòn'), 0, 36)
INSERT INTO CAUTHU VALUES(NEWID(), N'Huỳnh Tấn Tài', CONVERT(date, '17-08-1994', 105), NULL, (SELECT MaLoaiCauThu FROM LOAICAUTHU WHERE TenLoaiCauThu = N'Tiền vệ'), '', (SELECT MaDoi FROM DOIBONG WHERE TenDoi = N'Sài Gòn'), 0, 39)
INSERT INTO CAUTHU VALUES(NEWID(), N'Ahn Byungkeon', CONVERT(date, '08-12-1988', 105), NULL, (SELECT MaLoaiCauThu FROM LOAICAUTHU WHERE TenLoaiCauThu = N'Trung vệ nước ngoài'), '', (SELECT MaDoi FROM DOIBONG WHERE TenDoi = N'Sài Gòn'), 0, 40)
INSERT INTO CAUTHU VALUES(NEWID(), N'Đào Hùng Phong', CONVERT(date, '05-03-1998', 105), NULL, (SELECT MaLoaiCauThu FROM LOAICAUTHU WHERE TenLoaiCauThu = N'Hậu vệ'), '', (SELECT MaDoi FROM DOIBONG WHERE TenDoi = N'Sài Gòn'), 0, 70)
INSERT INTO CAUTHU VALUES(NEWID(), N'Dương Tùng Lâm', CONVERT(date, '22-05-1999', 105), NULL, (SELECT MaLoaiCauThu FROM LOAICAUTHU WHERE TenLoaiCauThu = N'Thủ môn'), '', (SELECT MaDoi FROM DOIBONG WHERE TenDoi = N'Sài Gòn'), 0, 76)
INSERT INTO CAUTHU VALUES(NEWID(), N'Lê Thành Phong', CONVERT(date, '22-04-1998', 105), NULL, (SELECT MaLoaiCauThu FROM LOAICAUTHU WHERE TenLoaiCauThu = N'Hậu vệ'), '', (SELECT MaDoi FROM DOIBONG WHERE TenDoi = N'Sài Gòn'), 0, 88)
INSERT INTO CAUTHU VALUES(NEWID(), N'Geovane Magno Candido Silveira', CONVERT(date, '12-04-1994', 105), NULL, (SELECT MaLoaiCauThu FROM LOAICAUTHU WHERE TenLoaiCauThu = N'Tiền vệ nước ngoài'), '', (SELECT MaDoi FROM DOIBONG WHERE TenDoi = N'Sài Gòn'), 0, 94)

--Sanna Khánh Hòa BVN
INSERT INTO CAUTHU VALUES(NEWID(), N'Trần Văn Vũ', CONVERT(date, '14-04-1994', 105), NULL, (SELECT MaLoaiCauThu FROM LOAICAUTHU WHERE TenLoaiCauThu = N'Hậu vệ'), '', (SELECT MaDoi FROM DOIBONG WHERE TenDoi = N'Sanna Khánh Hòa BVN'), 0, 2)
INSERT INTO CAUTHU VALUES(NEWID(), N'Trần Trọng Bình', CONVERT(date, '05-06-1983', 105), NULL, (SELECT MaLoaiCauThu FROM LOAICAUTHU WHERE TenLoaiCauThu = N'Trung vệ'), '', (SELECT MaDoi FROM DOIBONG WHERE TenDoi = N'Sanna Khánh Hòa BVN'), 0, 3)
INSERT INTO CAUTHU VALUES(NEWID(), N'Trần Văn Vũ', CONVERT(date, '01/07/1992', 105), NULL, (SELECT MaLoaiCauThu FROM LOAICAUTHU WHERE TenLoaiCauThu = N'Trung vệ'), '', (SELECT MaDoi FROM DOIBONG WHERE TenDoi = N'Sanna Khánh Hòa BVN'), 0, 4)
INSERT INTO CAUTHU VALUES(NEWID(), N'Nguyễn Minh Huy', CONVERT(date, '03-05-1992', 105), NULL, (SELECT MaLoaiCauThu FROM LOAICAUTHU WHERE TenLoaiCauThu = N'Tiền vệ'), '', (SELECT MaDoi FROM DOIBONG WHERE TenDoi = N'Sanna Khánh Hòa BVN'), 0, 5)
INSERT INTO CAUTHU VALUES(NEWID(), N'Lâm Ti Phông', CONVERT(date, '01-02-1996', 105), NULL, (SELECT MaLoaiCauThu FROM LOAICAUTHU WHERE TenLoaiCauThu = N'Tiền đạo'), '', (SELECT MaDoi FROM DOIBONG WHERE TenDoi = N'Sanna Khánh Hòa BVN'), 0, 7)
INSERT INTO CAUTHU VALUES(NEWID(), N'Lê Cao Hoài An', CONVERT(date, '19-09-1993', 105), NULL, (SELECT MaLoaiCauThu FROM LOAICAUTHU WHERE TenLoaiCauThu = N'Tiền vệ'), '', (SELECT MaDoi FROM DOIBONG WHERE TenDoi = N'Sanna Khánh Hòa BVN'), 0, 8)
INSERT INTO CAUTHU VALUES(NEWID(), N'Trần Đình Khương', CONVERT(date, '10-01-1996', 105), NULL, (SELECT MaLoaiCauThu FROM LOAICAUTHU WHERE TenLoaiCauThu = N'Trung vệ'), '', (SELECT MaDoi FROM DOIBONG WHERE TenDoi = N'Sanna Khánh Hòa BVN'), 0, 9)
INSERT INTO CAUTHU VALUES(NEWID(), N'Phạm Trùm Tỉnh', CONVERT(date, '02-05-1995', 105), NULL, (SELECT MaLoaiCauThu FROM LOAICAUTHU WHERE TenLoaiCauThu = N'Tiền vệ'), '', (SELECT MaDoi FROM DOIBONG WHERE TenDoi = N'Sanna Khánh Hòa BVN'), 0, 11)
INSERT INTO CAUTHU VALUES(NEWID(), N'Đào Văn Phong', CONVERT(date, '25-12-1984', 105), NULL, (SELECT MaLoaiCauThu FROM LOAICAUTHU WHERE TenLoaiCauThu = N'Trung vệ'), '', (SELECT MaDoi FROM DOIBONG WHERE TenDoi = N'Sanna Khánh Hòa BVN'), 0, 15)
INSERT INTO CAUTHU VALUES(NEWID(), N'Nguyễn Đình Nhơn', CONVERT(date, '19-10-1991', 105), NULL, (SELECT MaLoaiCauThu FROM LOAICAUTHU WHERE TenLoaiCauThu = N'Tiền vệ'), '', (SELECT MaDoi FROM DOIBONG WHERE TenDoi = N'Sanna Khánh Hòa BVN'), 0, 16)
INSERT INTO CAUTHU VALUES(NEWID(), N'Nguyễn Đoàn Duy Anh', CONVERT(date, '07-01-1995', 105), NULL, (SELECT MaLoaiCauThu FROM LOAICAUTHU WHERE TenLoaiCauThu = N'Tiền đạo'), '', (SELECT MaDoi FROM DOIBONG WHERE TenDoi = N'Sanna Khánh Hòa BVN'), 0, 17)
INSERT INTO CAUTHU VALUES(NEWID(), N'Nguyễn Hữu Cảm', CONVERT(date, '01-10-1994', 105), NULL, (SELECT MaLoaiCauThu FROM LOAICAUTHU WHERE TenLoaiCauThu = N'Tiền vệ'), '', (SELECT MaDoi FROM DOIBONG WHERE TenDoi = N'Sanna Khánh Hòa BVN'), 0, 18)
INSERT INTO CAUTHU VALUES(NEWID(), N'Nguyễn Tấn Tài', CONVERT(date, '25-03-1991', 105), NULL, (SELECT MaLoaiCauThu FROM LOAICAUTHU WHERE TenLoaiCauThu = N'Tiền vệ'), '', (SELECT MaDoi FROM DOIBONG WHERE TenDoi = N'Sanna Khánh Hòa BVN'), 0, 19)
INSERT INTO CAUTHU VALUES(NEWID(), N'Toure Youssouf', CONVERT(date, '14-03-1986', 105), NULL, (SELECT MaLoaiCauThu FROM LOAICAUTHU WHERE TenLoaiCauThu = N'Tiền đạo nước ngoài'), '', (SELECT MaDoi FROM DOIBONG WHERE TenDoi = N'Sanna Khánh Hòa BVN'), 0, 21)
INSERT INTO CAUTHU VALUES(NEWID(), N'Ngô Quốc Cường', CONVERT(date, '02-01-1995', 105), NULL, (SELECT MaLoaiCauThu FROM LOAICAUTHU WHERE TenLoaiCauThu = N'Thủ môn'), '', (SELECT MaDoi FROM DOIBONG WHERE TenDoi = N'Sanna Khánh Hòa BVN'), 0, 22)
INSERT INTO CAUTHU VALUES(NEWID(), N'Nguyễn Trung Hiếu', CONVERT(date, '27-03-1993', 105), NULL, (SELECT MaLoaiCauThu FROM LOAICAUTHU WHERE TenLoaiCauThu = N'Hậu vệ'), '', (SELECT MaDoi FROM DOIBONG WHERE TenDoi = N'Sanna Khánh Hòa BVN'), 0, 23)
INSERT INTO CAUTHU VALUES(NEWID(), N'Lê Duy Thanh', CONVERT(date, '19-12-1990', 105), NULL, (SELECT MaLoaiCauThu FROM LOAICAUTHU WHERE TenLoaiCauThu = N'Tiền vệ'), '', (SELECT MaDoi FROM DOIBONG WHERE TenDoi = N'Sanna Khánh Hòa BVN'), 0, 24)
INSERT INTO CAUTHU VALUES(NEWID(), N'Võ Ngọc Cường', CONVERT(date, '22-02-1994', 105), NULL, (SELECT MaLoaiCauThu FROM LOAICAUTHU WHERE TenLoaiCauThu = N'Thủ môn'), '', (SELECT MaDoi FROM DOIBONG WHERE TenDoi = N'Sanna Khánh Hòa BVN'), 0, 25)
INSERT INTO CAUTHU VALUES(NEWID(), N'Nguyễn Tuấn Mạnh', CONVERT(date, '31/07/1990', 105), NULL, (SELECT MaLoaiCauThu FROM LOAICAUTHU WHERE TenLoaiCauThu = N'Thủ môn'), '', (SELECT MaDoi FROM DOIBONG WHERE TenDoi = N'Sanna Khánh Hòa BVN'), 0, 26)
INSERT INTO CAUTHU VALUES(NEWID(), N'Trần Văn Tùng', CONVERT(date, '1997', 105), NULL, (SELECT MaLoaiCauThu FROM LOAICAUTHU WHERE TenLoaiCauThu = N''), '', (SELECT MaDoi FROM DOIBONG WHERE TenDoi = N'Sanna Khánh Hòa BVN'), 0, 27)
INSERT INTO CAUTHU VALUES(NEWID(), N'Nguyễn Cửu Huy Hoàng', CONVERT(date, '16-03-1990', 105), NULL, (SELECT MaLoaiCauThu FROM LOAICAUTHU WHERE TenLoaiCauThu = N'Trung vệ'), '', (SELECT MaDoi FROM DOIBONG WHERE TenDoi = N'Sanna Khánh Hòa BVN'), 0, 28)
INSERT INTO CAUTHU VALUES(NEWID(), N'Đoàn Công Thành', CONVERT(date, '30-03-1997', 105), NULL, (SELECT MaLoaiCauThu FROM LOAICAUTHU WHERE TenLoaiCauThu = N'Trung vệ'), '', (SELECT MaDoi FROM DOIBONG WHERE TenDoi = N'Sanna Khánh Hòa BVN'), 0, 29)
INSERT INTO CAUTHU VALUES(NEWID(), N'Huỳnh Nhật Tân', CONVERT(date, '1997', 105), NULL, (SELECT MaLoaiCauThu FROM LOAICAUTHU WHERE TenLoaiCauThu = N'Tiền đạo'), '', (SELECT MaDoi FROM DOIBONG WHERE TenDoi = N'Sanna Khánh Hòa BVN'), 0, 31)
INSERT INTO CAUTHU VALUES(NEWID(), N'Nguyễn Trung Đại Dương', CONVERT(date, '09-02-1986', 105), NULL, (SELECT MaLoaiCauThu FROM LOAICAUTHU WHERE TenLoaiCauThu = N'Tiền đạo'), '', (SELECT MaDoi FROM DOIBONG WHERE TenDoi = N'Sanna Khánh Hòa BVN'), 0, 38)
INSERT INTO CAUTHU VALUES(NEWID(), N'Nguyễn Tấn Điền', CONVERT(date, '20-03-1984', 105), NULL, (SELECT MaLoaiCauThu FROM LOAICAUTHU WHERE TenLoaiCauThu = N'Hậu vệ'), '', (SELECT MaDoi FROM DOIBONG WHERE TenDoi = N'Sanna Khánh Hòa BVN'), 0, 39)
INSERT INTO CAUTHU VALUES(NEWID(), N'Patiyo Tambwe', CONVERT(date, '07-01-1984', 105), NULL, (SELECT MaLoaiCauThu FROM LOAICAUTHU WHERE TenLoaiCauThu = N'Tiền đạo nước ngoài'), '', (SELECT MaDoi FROM DOIBONG WHERE TenDoi = N'Sanna Khánh Hòa BVN'), 0, 43)
INSERT INTO CAUTHU VALUES(NEWID(), N'Nguyễn Đình Lợi', CONVERT(date, '09-10-1992', 105), NULL, (SELECT MaLoaiCauThu FROM LOAICAUTHU WHERE TenLoaiCauThu = N'Hậu vệ'), '', (SELECT MaDoi FROM DOIBONG WHERE TenDoi = N'Sanna Khánh Hòa BVN'), 0, 77)
INSERT INTO CAUTHU VALUES(NEWID(), N'Hoàng Nhật Nam', CONVERT(date, '03-04-1990', 105), NULL, (SELECT MaLoaiCauThu FROM LOAICAUTHU WHERE TenLoaiCauThu = N'Tiền vệ'), '', (SELECT MaDoi FROM DOIBONG WHERE TenDoi = N'Sanna Khánh Hòa BVN'), 0, 79)
INSERT INTO CAUTHU VALUES(NEWID(), N'Nguyễn Hữu Khôi', CONVERT(date, '01/04/1992', 105), NULL, (SELECT MaLoaiCauThu FROM LOAICAUTHU WHERE TenLoaiCauThu = N'Tiền đạo'), '', (SELECT MaDoi FROM DOIBONG WHERE TenDoi = N'Sanna Khánh Hòa BVN'), 0, 89)
INSERT INTO CAUTHU VALUES(NEWID(), N'Zarour Chaher', CONVERT(date, '14-03-1983', 105), NULL, (SELECT MaLoaiCauThu FROM LOAICAUTHU WHERE TenLoaiCauThu = N'Trung vệ nước ngoài'), '', (SELECT MaDoi FROM DOIBONG WHERE TenDoi = N'Sanna Khánh Hòa BVN'), 0, 93)

--SHB Đà Nẵng
INSERT INTO CAUTHU VALUES(NEWID(), N'Phan Văn Biểu', CONVERT(date, '12-03-1998', 105), NULL, (SELECT MaLoaiCauThu FROM LOAICAUTHU WHERE TenLoaiCauThu = N'Thủ môn'), '', (SELECT MaDoi FROM DOIBONG WHERE TenDoi = N'SHB Đà Nẵng'), 0, 1)
INSERT INTO CAUTHU VALUES(NEWID(), N'Âu Văn Hoàn', CONVERT(date, '01-10-1989', 105), NULL, (SELECT MaLoaiCauThu FROM LOAICAUTHU WHERE TenLoaiCauThu = N'Hậu vệ'), '', (SELECT MaDoi FROM DOIBONG WHERE TenDoi = N'SHB Đà Nẵng'), 0, 2)
INSERT INTO CAUTHU VALUES(NEWID(), N'Nguyễn Phi Hoàng', CONVERT(date, '27-03-2003', 105), NULL, (SELECT MaLoaiCauThu FROM LOAICAUTHU WHERE TenLoaiCauThu = N'Tiền vệ'), '', (SELECT MaDoi FROM DOIBONG WHERE TenDoi = N'SHB Đà Nẵng'), 0, 4)
INSERT INTO CAUTHU VALUES(NEWID(), N'Mạc Đức Việt Anh', CONVERT(date, '16-01-1997', 105), NULL, (SELECT MaLoaiCauThu FROM LOAICAUTHU WHERE TenLoaiCauThu = N'Hậu vệ'), '', (SELECT MaDoi FROM DOIBONG WHERE TenDoi = N'SHB Đà Nẵng'), 0, 5)
INSERT INTO CAUTHU VALUES(NEWID(), N'Đặng Anh Tuấn', CONVERT(date, '01-08-1994', 105), NULL, (SELECT MaLoaiCauThu FROM LOAICAUTHU WHERE TenLoaiCauThu = N'Tiền vệ'), '', (SELECT MaDoi FROM DOIBONG WHERE TenDoi = N'SHB Đà Nẵng'), 0, 6)
INSERT INTO CAUTHU VALUES(NEWID(), N'Nguyễn Thanh Hải', CONVERT(date, '26-11-1988', 105), NULL, (SELECT MaLoaiCauThu FROM LOAICAUTHU WHERE TenLoaiCauThu = N'Tiền vệ'), '', (SELECT MaDoi FROM DOIBONG WHERE TenDoi = N'SHB Đà Nẵng'), 0, 7)
INSERT INTO CAUTHU VALUES(NEWID(), N'A Mít', CONVERT(date, '24-07-1997', 105), NULL, (SELECT MaLoaiCauThu FROM LOAICAUTHU WHERE TenLoaiCauThu = N'Tiền vệ'), '', (SELECT MaDoi FROM DOIBONG WHERE TenDoi = N'SHB Đà Nẵng'), 0, 8)
INSERT INTO CAUTHU VALUES(NEWID(), N'Hà Đức Chinh', CONVERT(date, '22-09-1997', 105), NULL, (SELECT MaLoaiCauThu FROM LOAICAUTHU WHERE TenLoaiCauThu = N'Tiền đạo'), '', (SELECT MaDoi FROM DOIBONG WHERE TenDoi = N'SHB Đà Nẵng'), 0, 9)
INSERT INTO CAUTHU VALUES(NEWID(), N'Phạm Trọng Hóa', CONVERT(date, '23-06-1998', 105), NULL, (SELECT MaLoaiCauThu FROM LOAICAUTHU WHERE TenLoaiCauThu = N'Tiền đạo'), '', (SELECT MaDoi FROM DOIBONG WHERE TenDoi = N'SHB Đà Nẵng'), 0, 10)
INSERT INTO CAUTHU VALUES(NEWID(), N'Phan Văn Long', CONVERT(date, '01-06-1996', 105), NULL, (SELECT MaLoaiCauThu FROM LOAICAUTHU WHERE TenLoaiCauThu = N'Tiền đạo'), '', (SELECT MaDoi FROM DOIBONG WHERE TenDoi = N'SHB Đà Nẵng'), 0, 11)
INSERT INTO CAUTHU VALUES(NEWID(), N'Hoàng Minh Tâm', CONVERT(date, '28-10-1990', 105), NULL, (SELECT MaLoaiCauThu FROM LOAICAUTHU WHERE TenLoaiCauThu = N'Tiền vệ'), '', (SELECT MaDoi FROM DOIBONG WHERE TenDoi = N'SHB Đà Nẵng'), 0, 12)
INSERT INTO CAUTHU VALUES(NEWID(), N'Nguyễn Thanh Bình', CONVERT(date, '11-08-1987', 105), NULL, (SELECT MaLoaiCauThu FROM LOAICAUTHU WHERE TenLoaiCauThu = N'Thủ môn'), '', (SELECT MaDoi FROM DOIBONG WHERE TenDoi = N'SHB Đà Nẵng'), 0, 13)
INSERT INTO CAUTHU VALUES(NEWID(), N'Võ Lý', CONVERT(date, '10-12-1993', 105), NULL, (SELECT MaLoaiCauThu FROM LOAICAUTHU WHERE TenLoaiCauThu = N'Tiền vệ'), '', (SELECT MaDoi FROM DOIBONG WHERE TenDoi = N'SHB Đà Nẵng'), 0, 14)
INSERT INTO CAUTHU VALUES(NEWID(), N'Bùi Tiến Dụng', CONVERT(date, '23-11-1998', 105), NULL, (SELECT MaLoaiCauThu FROM LOAICAUTHU WHERE TenLoaiCauThu = N'Tiền vệ'), '', (SELECT MaDoi FROM DOIBONG WHERE TenDoi = N'SHB Đà Nẵng'), 0, 16)
INSERT INTO CAUTHU VALUES(NEWID(), N'Đỗ Thanh Thịnh', CONVERT(date, '18-08-1998', 105), NULL, (SELECT MaLoaiCauThu FROM LOAICAUTHU WHERE TenLoaiCauThu = N'Hậu vệ'), '', (SELECT MaDoi FROM DOIBONG WHERE TenDoi = N'SHB Đà Nẵng'), 0, 18)
INSERT INTO CAUTHU VALUES(NEWID(), N'Võ Ngọc Toàn', CONVERT(date, '20-10-1994', 105), NULL, (SELECT MaLoaiCauThu FROM LOAICAUTHU WHERE TenLoaiCauThu = N'Tiền vệ'), '', (SELECT MaDoi FROM DOIBONG WHERE TenDoi = N'SHB Đà Nẵng'), 0, 19)
INSERT INTO CAUTHU VALUES(NEWID(), N'Võ Nhật Tân', CONVERT(date, '02-05-1988', 105), NULL, (SELECT MaLoaiCauThu FROM LOAICAUTHU WHERE TenLoaiCauThu = N'Hậu vệ'), '', (SELECT MaDoi FROM DOIBONG WHERE TenDoi = N'SHB Đà Nẵng'), 0, 20)
INSERT INTO CAUTHU VALUES(NEWID(), N'Nguyễn Thiện Chí', CONVERT(date, '07-01-1995', 105), NULL, (SELECT MaLoaiCauThu FROM LOAICAUTHU WHERE TenLoaiCauThu = N'Tiền vệ'), '', (SELECT MaDoi FROM DOIBONG WHERE TenDoi = N'SHB Đà Nẵng'), 0, 21)
INSERT INTO CAUTHU VALUES(NEWID(), N'Nguyễn Công Nhật', CONVERT(date, '12-05-1993', 105), NULL, (SELECT MaLoaiCauThu FROM LOAICAUTHU WHERE TenLoaiCauThu = N'Hậu vệ'), '', (SELECT MaDoi FROM DOIBONG WHERE TenDoi = N'SHB Đà Nẵng'), 0, 22)
INSERT INTO CAUTHU VALUES(NEWID(), N'Nguyễn Viết Thắng', CONVERT(date, '23-05-1994', 105), NULL, (SELECT MaLoaiCauThu FROM LOAICAUTHU WHERE TenLoaiCauThu = N'Tiền vệ'), '', (SELECT MaDoi FROM DOIBONG WHERE TenDoi = N'SHB Đà Nẵng'), 0, 23)
INSERT INTO CAUTHU VALUES(NEWID(), N'Akinade Ismaheel', CONVERT(date, '11-02-1994', 105), NULL, (SELECT MaLoaiCauThu FROM LOAICAUTHU WHERE TenLoaiCauThu = N'Tiền đạo nước ngoài'), '', (SELECT MaDoi FROM DOIBONG WHERE TenDoi = N'SHB Đà Nẵng'), 0, 24)
INSERT INTO CAUTHU VALUES(NEWID(), N'Nguyễn Tuấn Mạnh', CONVERT(date, '31/07/1990', 105), NULL, (SELECT MaLoaiCauThu FROM LOAICAUTHU WHERE TenLoaiCauThu = N'Thủ môn'), '', (SELECT MaDoi FROM DOIBONG WHERE TenDoi = N'SHB Đà Nẵng'), 0, 26)
INSERT INTO CAUTHU VALUES(NEWID(), N'Lê Văn Sáu', CONVERT(date, '22-07-1991', 105), NULL, (SELECT MaLoaiCauThu FROM LOAICAUTHU WHERE TenLoaiCauThu = N'Hậu vệ'), '', (SELECT MaDoi FROM DOIBONG WHERE TenDoi = N'SHB Đà Nẵng'), 0, 27)
INSERT INTO CAUTHU VALUES(NEWID(), N'Đặng Ngọc Tuấn', CONVERT(date, '06-05-1995', 105), NULL, (SELECT MaLoaiCauThu FROM LOAICAUTHU WHERE TenLoaiCauThu = N'Thủ môn'), '', (SELECT MaDoi FROM DOIBONG WHERE TenDoi = N'SHB Đà Nẵng'), 0, 28)
INSERT INTO CAUTHU VALUES(NEWID(), N'Lục Xuân Hưng', CONVERT(date, '18-04-1995', 105), NULL, (SELECT MaLoaiCauThu FROM LOAICAUTHU WHERE TenLoaiCauThu = N'Trung vệ'), '', (SELECT MaDoi FROM DOIBONG WHERE TenDoi = N'SHB Đà Nẵng'), 0, 29)
INSERT INTO CAUTHU VALUES(NEWID(), N'Nguyễn Tài Lộc', CONVERT(date, '16-12-1989', 105), NULL, (SELECT MaLoaiCauThu FROM LOAICAUTHU WHERE TenLoaiCauThu = N'Tiền vệ'), '', (SELECT MaDoi FROM DOIBONG WHERE TenDoi = N'SHB Đà Nẵng'), 0, 54)
INSERT INTO CAUTHU VALUES(NEWID(), N'Trần Đình Hoàng', CONVERT(date, '08-12-1991', 105), NULL, (SELECT MaLoaiCauThu FROM LOAICAUTHU WHERE TenLoaiCauThu = N'Hậu vệ'), '', (SELECT MaDoi FROM DOIBONG WHERE TenDoi = N'SHB Đà Nẵng'), 0, 66)
INSERT INTO CAUTHU VALUES(NEWID(), N'Tanda Bapianga Deogracias', CONVERT(date, '29-01-1994', 105), NULL, (SELECT MaLoaiCauThu FROM LOAICAUTHU WHERE TenLoaiCauThu = N'Tiền đạo nước ngoài'), '', (SELECT MaDoi FROM DOIBONG WHERE TenDoi = N'SHB Đà Nẵng'), 0, 77)
INSERT INTO CAUTHU VALUES(NEWID(), N'Jelic Igor', CONVERT(date, '28-12-1989', 105), NULL, (SELECT MaLoaiCauThu FROM LOAICAUTHU WHERE TenLoaiCauThu = N'Trung vệ nước ngoài'), '', (SELECT MaDoi FROM DOIBONG WHERE TenDoi = N'SHB Đà Nẵng'), 0, 88)

--Sông Lam Nghệ An
INSERT INTO CAUTHU VALUES(NEWID(), N'Trần Nguyên Mạnh', CONVERT(date, '20-12-1991', 105), NULL, (SELECT MaLoaiCauThu FROM LOAICAUTHU WHERE TenLoaiCauThu = N'Thủ môn'), '', (SELECT MaDoi FROM DOIBONG WHERE TenDoi = N'Sông Lam Nghệ An'), 0, 1)
INSERT INTO CAUTHU VALUES(NEWID(), N'Võ Ngọc Đức', CONVERT(date, '10-10-1994', 105), NULL, (SELECT MaLoaiCauThu FROM LOAICAUTHU WHERE TenLoaiCauThu = N'Hậu vệ'), '', (SELECT MaDoi FROM DOIBONG WHERE TenDoi = N'Sông Lam Nghệ An'), 0, 2)
INSERT INTO CAUTHU VALUES(NEWID(), N'Phạm Thế Nhật', CONVERT(date, '15-02-1991', 105), NULL, (SELECT MaLoaiCauThu FROM LOAICAUTHU WHERE TenLoaiCauThu = N'Hậu vệ'), '', (SELECT MaDoi FROM DOIBONG WHERE TenDoi = N'Sông Lam Nghệ An'), 0, 3)
INSERT INTO CAUTHU VALUES(NEWID(), N'Memovic Damir', CONVERT(date, '19-01-1989', 105), NULL, (SELECT MaLoaiCauThu FROM LOAICAUTHU WHERE TenLoaiCauThu = N'Hậu vệ nước ngoài'), '', (SELECT MaDoi FROM DOIBONG WHERE TenDoi = N'Sông Lam Nghệ An'), 0, 4)
INSERT INTO CAUTHU VALUES(NEWID(), N'Hoàng Văn Khánh', CONVERT(date, '05-04-1995', 105), NULL, (SELECT MaLoaiCauThu FROM LOAICAUTHU WHERE TenLoaiCauThu = N'Hậu vệ'), '', (SELECT MaDoi FROM DOIBONG WHERE TenDoi = N'Sông Lam Nghệ An'), 0, 5)
INSERT INTO CAUTHU VALUES(NEWID(), N'Trần Đình Hoàng', CONVERT(date, '08-12-1991', 105), NULL, (SELECT MaLoaiCauThu FROM LOAICAUTHU WHERE TenLoaiCauThu = N'Hậu vệ'), '', (SELECT MaDoi FROM DOIBONG WHERE TenDoi = N'Sông Lam Nghệ An'), 0, 6)
INSERT INTO CAUTHU VALUES(NEWID(), N'Olaha Michael Onyedikachi', CONVERT(date, '04-07-1997', 105), NULL, (SELECT MaLoaiCauThu FROM LOAICAUTHU WHERE TenLoaiCauThu = N'Tiền đạo nước ngoài'), '', (SELECT MaDoi FROM DOIBONG WHERE TenDoi = N'Sông Lam Nghệ An'), 0, 7)
INSERT INTO CAUTHU VALUES(NEWID(), N'Hồ Sỹ Sâm', CONVERT(date, '02-09-1993', 105), NULL, (SELECT MaLoaiCauThu FROM LOAICAUTHU WHERE TenLoaiCauThu = N'Tiền vệ'), '', (SELECT MaDoi FROM DOIBONG WHERE TenDoi = N'Sông Lam Nghệ An'), 0, 8)
INSERT INTO CAUTHU VALUES(NEWID(), N'Võ Ngọc Toàn', CONVERT(date, '20-10-1994', 105), NULL, (SELECT MaLoaiCauThu FROM LOAICAUTHU WHERE TenLoaiCauThu = N'Tiền vệ'), '', (SELECT MaDoi FROM DOIBONG WHERE TenDoi = N'Sông Lam Nghệ An'), 0, 9)
INSERT INTO CAUTHU VALUES(NEWID(), N'Hồ Tuấn Tài', CONVERT(date, '16-03-1995', 105), NULL, (SELECT MaLoaiCauThu FROM LOAICAUTHU WHERE TenLoaiCauThu = N'Tiền đạo'), '', (SELECT MaDoi FROM DOIBONG WHERE TenDoi = N'Sông Lam Nghệ An'), 0, 10)
INSERT INTO CAUTHU VALUES(NEWID(), N'Phạm Xuân Mạnh', CONVERT(date, '09-02-1996', 105), NULL, (SELECT MaLoaiCauThu FROM LOAICAUTHU WHERE TenLoaiCauThu = N'Tiền vệ'), '', (SELECT MaDoi FROM DOIBONG WHERE TenDoi = N'Sông Lam Nghệ An'), 0, 11)
INSERT INTO CAUTHU VALUES(NEWID(), N'Hồ Khắc Ngọc', CONVERT(date, '02-08-1992', 105), NULL, (SELECT MaLoaiCauThu FROM LOAICAUTHU WHERE TenLoaiCauThu = N'Tiền vệ'), '', (SELECT MaDoi FROM DOIBONG WHERE TenDoi = N'Sông Lam Nghệ An'), 0, 12)
INSERT INTO CAUTHU VALUES(NEWID(), N'Lê Thế Cường', CONVERT(date, '14-12-1990', 105), NULL, (SELECT MaLoaiCauThu FROM LOAICAUTHU WHERE TenLoaiCauThu = N'Tiền vệ'), '', (SELECT MaDoi FROM DOIBONG WHERE TenDoi = N'Sông Lam Nghệ An'), 0, 14)
INSERT INTO CAUTHU VALUES(NEWID(), N'Hoàng Văn Bình', CONVERT(date, '02-02-1989', 105), NULL, (SELECT MaLoaiCauThu FROM LOAICAUTHU WHERE TenLoaiCauThu = N'Hậu vệ'), '', (SELECT MaDoi FROM DOIBONG WHERE TenDoi = N'Sông Lam Nghệ An'), 0, 15)
INSERT INTO CAUTHU VALUES(NEWID(), N'Trần Đình Đồng', CONVERT(date, '20-05-1987', 105), NULL, (SELECT MaLoaiCauThu FROM LOAICAUTHU WHERE TenLoaiCauThu = N'Hậu vệ'), '', (SELECT MaDoi FROM DOIBONG WHERE TenDoi = N'Sông Lam Nghệ An'), 0, 16)
INSERT INTO CAUTHU VALUES(NEWID(), N'Cao Xuân Thắng', CONVERT(date, '05-02-1993', 105), NULL, (SELECT MaLoaiCauThu FROM LOAICAUTHU WHERE TenLoaiCauThu = N'Tiền vệ'), '', (SELECT MaDoi FROM DOIBONG WHERE TenDoi = N'Sông Lam Nghệ An'), 0, 17)
INSERT INTO CAUTHU VALUES(NEWID(), N'Hồ Phúc Tịnh', CONVERT(date, '28-08-1994', 105), NULL, (SELECT MaLoaiCauThu FROM LOAICAUTHU WHERE TenLoaiCauThu = N'Tiền đạo'), '', (SELECT MaDoi FROM DOIBONG WHERE TenDoi = N'Sông Lam Nghệ An'), 0, 18)
INSERT INTO CAUTHU VALUES(NEWID(), N'Phan Văn Đức', CONVERT(date, '11-04-1996', 105), NULL, (SELECT MaLoaiCauThu FROM LOAICAUTHU WHERE TenLoaiCauThu = N'Tiền vệ'), '', (SELECT MaDoi FROM DOIBONG WHERE TenDoi = N'Sông Lam Nghệ An'), 0, 20)
INSERT INTO CAUTHU VALUES(NEWID(), N'Nguyễn Bá Đức', CONVERT(date, '23-05-1998', 105), NULL, (SELECT MaLoaiCauThu FROM LOAICAUTHU WHERE TenLoaiCauThu = N'Hậu vệ'), '', (SELECT MaDoi FROM DOIBONG WHERE TenDoi = N'Sông Lam Nghệ An'), 0, 21)
INSERT INTO CAUTHU VALUES(NEWID(), N'Nguyễn Sỹ Nam', CONVERT(date, '07-03-1993', 105), NULL, (SELECT MaLoaiCauThu FROM LOAICAUTHU WHERE TenLoaiCauThu = N'Hậu vệ'), '', (SELECT MaDoi FROM DOIBONG WHERE TenDoi = N'Sông Lam Nghệ An'), 0, 22)
INSERT INTO CAUTHU VALUES(NEWID(), N'Dương Văn Cường', CONVERT(date, '1999', 105), NULL, (SELECT MaLoaiCauThu FROM LOAICAUTHU WHERE TenLoaiCauThu = N'Thủ môn'), '', (SELECT MaDoi FROM DOIBONG WHERE TenDoi = N'Sông Lam Nghệ An'), 0, 23)
INSERT INTO CAUTHU VALUES(NEWID(), N'Trần Văn Tiến', CONVERT(date, '26-06-1994', 105), NULL, (SELECT MaLoaiCauThu FROM LOAICAUTHU WHERE TenLoaiCauThu = N'Thủ môn'), '', (SELECT MaDoi FROM DOIBONG WHERE TenDoi = N'Sông Lam Nghệ An'), 0, 25)
INSERT INTO CAUTHU VALUES(NEWID(), N'Nguyễn Quang Tình', CONVERT(date, '20-11-1988', 105), NULL, (SELECT MaLoaiCauThu FROM LOAICAUTHU WHERE TenLoaiCauThu = N'Tiền vệ'), '', (SELECT MaDoi FROM DOIBONG WHERE TenDoi = N'Sông Lam Nghệ An'), 0, 28)
INSERT INTO CAUTHU VALUES(NEWID(), N'Lê Thành Lâm', CONVERT(date, '15-06-2000', 105), NULL, (SELECT MaLoaiCauThu FROM LOAICAUTHU WHERE TenLoaiCauThu = N'Hậu vệ'), '', (SELECT MaDoi FROM DOIBONG WHERE TenDoi = N'Sông Lam Nghệ An'), 0, 30)
INSERT INTO CAUTHU VALUES(NEWID(), N'Lê Văn Hùng', CONVERT(date, '06-07-1992', 105), NULL, (SELECT MaLoaiCauThu FROM LOAICAUTHU WHERE TenLoaiCauThu = N'Thủ môn'), '', (SELECT MaDoi FROM DOIBONG WHERE TenDoi = N'Sông Lam Nghệ An'), 0, 67)
INSERT INTO CAUTHU VALUES(NEWID(), N'Silva Dos Anios Joel Vinicius', CONVERT(date, '1994', 105), NULL, (SELECT MaLoaiCauThu FROM LOAICAUTHU WHERE TenLoaiCauThu = N'Tiền đạo nước ngoài'), '', (SELECT MaDoi FROM DOIBONG WHERE TenDoi = N'Sông Lam Nghệ An'), 0, 94)

--Than Quảng Ninh
INSERT INTO CAUTHU VALUES(NEWID(), N'Nguyễn Hoài Anh', CONVERT(date, '03-10-1993', 105), NULL, (SELECT MaLoaiCauThu FROM LOAICAUTHU WHERE TenLoaiCauThu = N'Thủ môn'), '', (SELECT MaDoi FROM DOIBONG WHERE TenDoi = N'Than Quảng Ninh'), 0, 1)
INSERT INTO CAUTHU VALUES(NEWID(), N'Dương Văn Khoa', CONVERT(date, '06-05-1994', 105), NULL, (SELECT MaLoaiCauThu FROM LOAICAUTHU WHERE TenLoaiCauThu = N'Hậu vệ'), '', (SELECT MaDoi FROM DOIBONG WHERE TenDoi = N'Than Quảng Ninh'), 0, 2)
INSERT INTO CAUTHU VALUES(NEWID(), N'Dương Thanh Hào', CONVERT(date, '23-06-1991', 105), NULL, (SELECT MaLoaiCauThu FROM LOAICAUTHU WHERE TenLoaiCauThu = N'Trung vệ'), '', (SELECT MaDoi FROM DOIBONG WHERE TenDoi = N'Than Quảng Ninh'), 0, 3)
INSERT INTO CAUTHU VALUES(NEWID(), N'Phùng Kim Trường', CONVERT(date, '1996', 105), NULL, (SELECT MaLoaiCauThu FROM LOAICAUTHU WHERE TenLoaiCauThu = N'Trung vệ'), '', (SELECT MaDoi FROM DOIBONG WHERE TenDoi = N'Than Quảng Ninh'), 0, 4)
INSERT INTO CAUTHU VALUES(NEWID(), N'Lê Tuấn Tú', CONVERT(date, '16-07-1993', 105), NULL, (SELECT MaLoaiCauThu FROM LOAICAUTHU WHERE TenLoaiCauThu = N'Trung vệ'), '', (SELECT MaDoi FROM DOIBONG WHERE TenDoi = N'Than Quảng Ninh'), 0, 5)
INSERT INTO CAUTHU VALUES(NEWID(), N'Vũ Viết Triều', CONVERT(date, '23-02-1997', 105), NULL, (SELECT MaLoaiCauThu FROM LOAICAUTHU WHERE TenLoaiCauThu = N'Hậu vệ'), '', (SELECT MaDoi FROM DOIBONG WHERE TenDoi = N'Than Quảng Ninh'), 0, 6)
INSERT INTO CAUTHU VALUES(NEWID(), N'Mạc Hồng Quân', CONVERT(date, '1992', 105), NULL, (SELECT MaLoaiCauThu FROM LOAICAUTHU WHERE TenLoaiCauThu = N'Tiền đạo'), '', (SELECT MaDoi FROM DOIBONG WHERE TenDoi = N'Than Quảng Ninh'), 0, 8)
INSERT INTO CAUTHU VALUES(NEWID(), N'Hồ Hùng Cường', CONVERT(date, '13-04-1995', 105), NULL, (SELECT MaLoaiCauThu FROM LOAICAUTHU WHERE TenLoaiCauThu = N'Tiền vệ'), '', (SELECT MaDoi FROM DOIBONG WHERE TenDoi = N'Than Quảng Ninh'), 0, 11)
INSERT INTO CAUTHU VALUES(NEWID(), N'Trịnh Hoa Hùng', CONVERT(date, '07-11-1991', 105), NULL, (SELECT MaLoaiCauThu FROM LOAICAUTHU WHERE TenLoaiCauThu = N'Tiền vệ'), '', (SELECT MaDoi FROM DOIBONG WHERE TenDoi = N'Than Quảng Ninh'), 0, 12)
INSERT INTO CAUTHU VALUES(NEWID(), N'Nguyễn Hải Huy', CONVERT(date, '18-06-1991', 105), NULL, (SELECT MaLoaiCauThu FROM LOAICAUTHU WHERE TenLoaiCauThu = N'Tiền vệ'), '', (SELECT MaDoi FROM DOIBONG WHERE TenDoi = N'Than Quảng Ninh'), 0, 14)
INSERT INTO CAUTHU VALUES(NEWID(), N'Đào Nhật Minh', CONVERT(date, '27-04-1992', 105), NULL, (SELECT MaLoaiCauThu FROM LOAICAUTHU WHERE TenLoaiCauThu = N'Tiền vệ'), '', (SELECT MaDoi FROM DOIBONG WHERE TenDoi = N'Than Quảng Ninh'), 0, 15)
INSERT INTO CAUTHU VALUES(NEWID(), N'Nguyễn Văn Điều', CONVERT(date, '03-09-1997', 105), NULL, (SELECT MaLoaiCauThu FROM LOAICAUTHU WHERE TenLoaiCauThu = N'Tiền vệ'), '', (SELECT MaDoi FROM DOIBONG WHERE TenDoi = N'Than Quảng Ninh'), 0, 16)
INSERT INTO CAUTHU VALUES(NEWID(), N'Phạm Trung Hiếu', CONVERT(date, '02-09-1998', 105), NULL, (SELECT MaLoaiCauThu FROM LOAICAUTHU WHERE TenLoaiCauThu = N'Tiền vệ'), '', (SELECT MaDoi FROM DOIBONG WHERE TenDoi = N'Than Quảng Ninh'), 0, 17)
INSERT INTO CAUTHU VALUES(NEWID(), N'Nguyễn Huy Cường', CONVERT(date, '08-11-1986', 105), NULL, (SELECT MaLoaiCauThu FROM LOAICAUTHU WHERE TenLoaiCauThu = N'Hậu vệ'), '', (SELECT MaDoi FROM DOIBONG WHERE TenDoi = N'Than Quảng Ninh'), 0, 19)
INSERT INTO CAUTHU VALUES(NEWID(), N'Nguyễn Xuân Hùng', CONVERT(date, '01-02-1991', 105), NULL, (SELECT MaLoaiCauThu FROM LOAICAUTHU WHERE TenLoaiCauThu = N'Hậu vệ'), '', (SELECT MaDoi FROM DOIBONG WHERE TenDoi = N'Than Quảng Ninh'), 0, 20)
INSERT INTO CAUTHU VALUES(NEWID(), N'Đoàn Văn Quý', CONVERT(date, '1998', 105), NULL, (SELECT MaLoaiCauThu FROM LOAICAUTHU WHERE TenLoaiCauThu = N'Trung vệ'), '', (SELECT MaDoi FROM DOIBONG WHERE TenDoi = N'Than Quảng Ninh'), 0, 21)
INSERT INTO CAUTHU VALUES(NEWID(), N'Lastro Neven', CONVERT(date, '01/10/1988', 105), NULL, (SELECT MaLoaiCauThu FROM LOAICAUTHU WHERE TenLoaiCauThu = N'Trung vệ nước ngoài'), '', (SELECT MaDoi FROM DOIBONG WHERE TenDoi = N'Than Quảng Ninh'), 0, 22)
INSERT INTO CAUTHU VALUES(NEWID(), N'Nguyễn Tiến Duy', CONVERT(date, '29-04-1991', 105), NULL, (SELECT MaLoaiCauThu FROM LOAICAUTHU WHERE TenLoaiCauThu = N'Trung vệ'), '', (SELECT MaDoi FROM DOIBONG WHERE TenDoi = N'Than Quảng Ninh'), 0, 23)
INSERT INTO CAUTHU VALUES(NEWID(), N'Huỳnh Tuấn Linh', CONVERT(date, '12-04-1991', 105), NULL, (SELECT MaLoaiCauThu FROM LOAICAUTHU WHERE TenLoaiCauThu = N'Thủ môn'), '', (SELECT MaDoi FROM DOIBONG WHERE TenDoi = N'Than Quảng Ninh'), 0, 26)
INSERT INTO CAUTHU VALUES(NEWID(), N'Giang Trần Quách Tân', CONVERT(date, '08-03-1992', 105), NULL, (SELECT MaLoaiCauThu FROM LOAICAUTHU WHERE TenLoaiCauThu = N'Tiền vệ'), '', (SELECT MaDoi FROM DOIBONG WHERE TenDoi = N'Than Quảng Ninh'), 0, 27)
INSERT INTO CAUTHU VALUES(NEWID(), N'Nguyễn Văn Việt', CONVERT(date, '17-01-1989', 105), NULL, (SELECT MaLoaiCauThu FROM LOAICAUTHU WHERE TenLoaiCauThu = N'Trung vệ'), '', (SELECT MaDoi FROM DOIBONG WHERE TenDoi = N'Than Quảng Ninh'), 0, 28)
INSERT INTO CAUTHU VALUES(NEWID(), N'Hoàng Tuấn Anh', CONVERT(date, '23-08-1990', 105), NULL, (SELECT MaLoaiCauThu FROM LOAICAUTHU WHERE TenLoaiCauThu = N'Hậu vệ'), '', (SELECT MaDoi FROM DOIBONG WHERE TenDoi = N'Than Quảng Ninh'), 0, 32)
INSERT INTO CAUTHU VALUES(NEWID(), N'Lê Thế Mạnh', CONVERT(date, '10-11-1993', 105), NULL, (SELECT MaLoaiCauThu FROM LOAICAUTHU WHERE TenLoaiCauThu = N'Hậu vệ'), '', (SELECT MaDoi FROM DOIBONG WHERE TenDoi = N'Than Quảng Ninh'), 0, 37)
INSERT INTO CAUTHU VALUES(NEWID(), N'Phạm Nguyên Sa', CONVERT(date, '17-01-1989', 105), NULL, (SELECT MaLoaiCauThu FROM LOAICAUTHU WHERE TenLoaiCauThu = N'Tiền vệ'), '', (SELECT MaDoi FROM DOIBONG WHERE TenDoi = N'Than Quảng Ninh'), 0, 43)
INSERT INTO CAUTHU VALUES(NEWID(), N'Kouassi Yao Hermann', CONVERT(date, '1990', 105), NULL, (SELECT MaLoaiCauThu FROM LOAICAUTHU WHERE TenLoaiCauThu = N'Tiền vệ nước ngoài'), '', (SELECT MaDoi FROM DOIBONG WHERE TenDoi = N'Than Quảng Ninh'), 0, 71)
INSERT INTO CAUTHU VALUES(NEWID(), N'Nghiêm Xuân Tú', CONVERT(date, '28-08-1988', 105), NULL, (SELECT MaLoaiCauThu FROM LOAICAUTHU WHERE TenLoaiCauThu = N'Tiền vệ'), '', (SELECT MaDoi FROM DOIBONG WHERE TenDoi = N'Than Quảng Ninh'), 0, 77)
INSERT INTO CAUTHU VALUES(NEWID(), N'Dyachenko Rodion Sergey', CONVERT(date, '1983', 105), NULL, (SELECT MaLoaiCauThu FROM LOAICAUTHU WHERE TenLoaiCauThu = N'Tiền vệ nước ngoài'), '', (SELECT MaDoi FROM DOIBONG WHERE TenDoi = N'Than Quảng Ninh'), 0, 83)
INSERT INTO CAUTHU VALUES(NEWID(), N'Phan Minh Thành', CONVERT(date, '22/11/1998', 105), NULL, (SELECT MaLoaiCauThu FROM LOAICAUTHU WHERE TenLoaiCauThu = N'Thủ môn'), '', (SELECT MaDoi FROM DOIBONG WHERE TenDoi = N'Than Quảng Ninh'), 0, 98)

--Thanh Hóa
INSERT INTO CAUTHU VALUES(NEWID(), N'Lương Bá Sơn', CONVERT(date, '10-10-1992', 105), NULL, (SELECT MaLoaiCauThu FROM LOAICAUTHU WHERE TenLoaiCauThu = N'Thủ môn'), '', (SELECT MaDoi FROM DOIBONG WHERE TenDoi = N'Thanh Hóa'), 0, 1)
INSERT INTO CAUTHU VALUES(NEWID(), N'Hoàng Đình Tùng', CONVERT(date, '24-08-1988', 105), NULL, (SELECT MaLoaiCauThu FROM LOAICAUTHU WHERE TenLoaiCauThu = N'Tiền vệ'), '', (SELECT MaDoi FROM DOIBONG WHERE TenDoi = N'Thanh Hóa'), 0, 2)
INSERT INTO CAUTHU VALUES(NEWID(), N'Nguyễn Minh Tùng', CONVERT(date, '09-08-1992', 105), NULL, (SELECT MaLoaiCauThu FROM LOAICAUTHU WHERE TenLoaiCauThu = N'Trung vệ'), '', (SELECT MaDoi FROM DOIBONG WHERE TenDoi = N'Thanh Hóa'), 0, 5)
INSERT INTO CAUTHU VALUES(NEWID(), N'Nguyễn Thế Dương', CONVERT(date, '06-09-1991', 105), NULL, (SELECT MaLoaiCauThu FROM LOAICAUTHU WHERE TenLoaiCauThu = N'Tiền vệ'), '', (SELECT MaDoi FROM DOIBONG WHERE TenDoi = N'Thanh Hóa'), 0, 6)
INSERT INTO CAUTHU VALUES(NEWID(), N'Bùi Văn Hiếu', CONVERT(date, '02-10-1989', 105), NULL, (SELECT MaLoaiCauThu FROM LOAICAUTHU WHERE TenLoaiCauThu = N'Tiền vệ'), '', (SELECT MaDoi FROM DOIBONG WHERE TenDoi = N'Thanh Hóa'), 0, 8)
INSERT INTO CAUTHU VALUES(NEWID(), N'Nguyễn Hữu Dũng', CONVERT(date, '28-08-1995', 105), NULL, (SELECT MaLoaiCauThu FROM LOAICAUTHU WHERE TenLoaiCauThu = N'Tiền vệ'), '', (SELECT MaDoi FROM DOIBONG WHERE TenDoi = N'Thanh Hóa'), 0, 9)
INSERT INTO CAUTHU VALUES(NEWID(), N'Lê Văn Thắng', CONVERT(date, '08-02-1990', 105), NULL, (SELECT MaLoaiCauThu FROM LOAICAUTHU WHERE TenLoaiCauThu = N'Tiền vệ'), '', (SELECT MaDoi FROM DOIBONG WHERE TenDoi = N'Thanh Hóa'), 0, 10)
INSERT INTO CAUTHU VALUES(NEWID(), N'Rimario Allando Gordon', CONVERT(date, '06-07-1994', 105), NULL, (SELECT MaLoaiCauThu FROM LOAICAUTHU WHERE TenLoaiCauThu = N'Tiền đạo nước ngoài'), '', (SELECT MaDoi FROM DOIBONG WHERE TenDoi = N'Thanh Hóa'), 0, 11)
INSERT INTO CAUTHU VALUES(NEWID(), N'Nguyễn Hữu Lâm', CONVERT(date, '16-08-1998', 105), NULL, (SELECT MaLoaiCauThu FROM LOAICAUTHU WHERE TenLoaiCauThu = N'Trung vệ'), '', (SELECT MaDoi FROM DOIBONG WHERE TenDoi = N'Thanh Hóa'), 0, 15)
INSERT INTO CAUTHU VALUES(NEWID(), N'Hoàng Anh Tuấn', CONVERT(date, '08-10-1996', 105), NULL, (SELECT MaLoaiCauThu FROM LOAICAUTHU WHERE TenLoaiCauThu = N'Tiền vệ'), '', (SELECT MaDoi FROM DOIBONG WHERE TenDoi = N'Thanh Hóa'), 0, 16)
INSERT INTO CAUTHU VALUES(NEWID(), N'Hoàng Thái Bình', CONVERT(date, '22-01-1998', 105), NULL, (SELECT MaLoaiCauThu FROM LOAICAUTHU WHERE TenLoaiCauThu = N'Hậu vệ'), '', (SELECT MaDoi FROM DOIBONG WHERE TenDoi = N'Thanh Hóa'), 0, 17)
INSERT INTO CAUTHU VALUES(NEWID(), N'Lê Thanh Bình', CONVERT(date, '08-08-1995', 105), NULL, (SELECT MaLoaiCauThu FROM LOAICAUTHU WHERE TenLoaiCauThu = N'Tiền đạo'), '', (SELECT MaDoi FROM DOIBONG WHERE TenDoi = N'Thanh Hóa'), 0, 18)
INSERT INTO CAUTHU VALUES(NEWID(), N'Vương Quốc Trung', CONVERT(date, '29-05-1990', 105), NULL, (SELECT MaLoaiCauThu FROM LOAICAUTHU WHERE TenLoaiCauThu = N'Tiền vệ'), '', (SELECT MaDoi FROM DOIBONG WHERE TenDoi = N'Thanh Hóa'), 0, 19)
INSERT INTO CAUTHU VALUES(NEWID(), N'Nguyễn Trọng Hùng', CONVERT(date, '03-10-1997', 105), NULL, (SELECT MaLoaiCauThu FROM LOAICAUTHU WHERE TenLoaiCauThu = N'Tiền vệ'), '', (SELECT MaDoi FROM DOIBONG WHERE TenDoi = N'Thanh Hóa'), 0, 20)
INSERT INTO CAUTHU VALUES(NEWID(), N'Vũ Xuân Cường', CONVERT(date, '06-08-1992', 105), NULL, (SELECT MaLoaiCauThu FROM LOAICAUTHU WHERE TenLoaiCauThu = N'Hậu vệ'), '', (SELECT MaDoi FROM DOIBONG WHERE TenDoi = N'Thanh Hóa'), 0, 21)
INSERT INTO CAUTHU VALUES(NEWID(), N'Vũ Tuyên Quang', CONVERT(date, '05-07-1995', 105), NULL, (SELECT MaLoaiCauThu FROM LOAICAUTHU WHERE TenLoaiCauThu = N'Thủ môn'), '', (SELECT MaDoi FROM DOIBONG WHERE TenDoi = N'Thanh Hóa'), 0, 23)
INSERT INTO CAUTHU VALUES(NEWID(), N'Trịnh Xuân Hoàng', CONVERT(date, '06/11/2000', 105), NULL, (SELECT MaLoaiCauThu FROM LOAICAUTHU WHERE TenLoaiCauThu = N'Thủ môn'), '', (SELECT MaDoi FROM DOIBONG WHERE TenDoi = N'Thanh Hóa'), 0, 25)
INSERT INTO CAUTHU VALUES(NEWID(), N'Lê Văn Đại', CONVERT(date, '02-08-1996', 105), NULL, (SELECT MaLoaiCauThu FROM LOAICAUTHU WHERE TenLoaiCauThu = N'Trung vệ'), '', (SELECT MaDoi FROM DOIBONG WHERE TenDoi = N'Thanh Hóa'), 0, 26)
INSERT INTO CAUTHU VALUES(NEWID(), N'Kurtaj Gramoz', CONVERT(date, '1991', 105), NULL, (SELECT MaLoaiCauThu FROM LOAICAUTHU WHERE TenLoaiCauThu = N'Hậu vệ nước ngoài'), '', (SELECT MaDoi FROM DOIBONG WHERE TenDoi = N'Thanh Hóa'), 0, 28)
INSERT INTO CAUTHU VALUES(NEWID(), N'Phạm Văn Nam', CONVERT(date, '14-01-1992', 105), NULL, (SELECT MaLoaiCauThu FROM LOAICAUTHU WHERE TenLoaiCauThu = N'Hậu vệ'), '', (SELECT MaDoi FROM DOIBONG WHERE TenDoi = N'Thanh Hóa'), 0, 29)
INSERT INTO CAUTHU VALUES(NEWID(), N'Tô Vĩnh Lợi', CONVERT(date, '22-04-1985', 105), NULL, (SELECT MaLoaiCauThu FROM LOAICAUTHU WHERE TenLoaiCauThu = N'Thủ môn'), '', (SELECT MaDoi FROM DOIBONG WHERE TenDoi = N'Thanh Hóa'), 0, 30)
INSERT INTO CAUTHU VALUES(NEWID(), N'Hoàng Văn Hải', CONVERT(date, '10-11-2001', 105), NULL, (SELECT MaLoaiCauThu FROM LOAICAUTHU WHERE TenLoaiCauThu = N'Tiền vệ'), '', (SELECT MaDoi FROM DOIBONG WHERE TenDoi = N'Thanh Hóa'), 0, 33)
INSERT INTO CAUTHU VALUES(NEWID(), N'Errol Anthony Stevens', CONVERT(date, '09-05-1986', 105), NULL, (SELECT MaLoaiCauThu FROM LOAICAUTHU WHERE TenLoaiCauThu = N'Tiền đạo nước ngoài'), '', (SELECT MaDoi FROM DOIBONG WHERE TenDoi = N'Thanh Hóa'), 0, 45)
INSERT INTO CAUTHU VALUES(NEWID(), N'Lê Văn Sáu', CONVERT(date, '22-07-1991', 105), NULL, (SELECT MaLoaiCauThu FROM LOAICAUTHU WHERE TenLoaiCauThu = N'Hậu vệ'), '', (SELECT MaDoi FROM DOIBONG WHERE TenDoi = N'Thanh Hóa'), 0, 77)
INSERT INTO CAUTHU VALUES(NEWID(), N'Trịnh Đình Hùng', CONVERT(date, '03-09-1995', 105), NULL, (SELECT MaLoaiCauThu FROM LOAICAUTHU WHERE TenLoaiCauThu = N'Hậu vệ'), '', (SELECT MaDoi FROM DOIBONG WHERE TenDoi = N'Thanh Hóa'), 0, 80)
INSERT INTO CAUTHU VALUES(NEWID(), N'Phạm Văn Hội', CONVERT(date, '21-03-1994', 105), NULL, (SELECT MaLoaiCauThu FROM LOAICAUTHU WHERE TenLoaiCauThu = N'Tiền vệ'), '', (SELECT MaDoi FROM DOIBONG WHERE TenDoi = N'Thanh Hóa'), 0, 90)
INSERT INTO CAUTHU VALUES(NEWID(), N'Bùi Văn Long', CONVERT(date, '10-10-1988', 105), NULL, (SELECT MaLoaiCauThu FROM LOAICAUTHU WHERE TenLoaiCauThu = N'Hậu vệ'), '', (SELECT MaDoi FROM DOIBONG WHERE TenDoi = N'Thanh Hóa'), 0, 93)
INSERT INTO CAUTHU VALUES(NEWID(), N'Lục Xuân Hưng', CONVERT(date, '18-04-1995', 105), NULL, (SELECT MaLoaiCauThu FROM LOAICAUTHU WHERE TenLoaiCauThu = N'Trung vệ'), '', (SELECT MaDoi FROM DOIBONG WHERE TenDoi = N'Thanh Hóa'), 0, 97)

--Viettel
INSERT INTO CAUTHU VALUES(NEWID(), N'Ngô Xuân Sơn', CONVERT(date, '17-01-1997', 105), NULL, (SELECT MaLoaiCauThu FROM LOAICAUTHU WHERE TenLoaiCauThu = N'Thủ môn'), '', (SELECT MaDoi FROM DOIBONG WHERE TenDoi = N'Viettel'), 0, 1)
INSERT INTO CAUTHU VALUES(NEWID(), N'Quế Ngọc Hải', CONVERT(date, '15-05-1993', 105), NULL, (SELECT MaLoaiCauThu FROM LOAICAUTHU WHERE TenLoaiCauThu = N'Hậu vệ'), '', (SELECT MaDoi FROM DOIBONG WHERE TenDoi = N'Viettel'), 0, 3)
INSERT INTO CAUTHU VALUES(NEWID(), N'Bùi Tiến Dũng', CONVERT(date, '02-10-1995', 105), NULL, (SELECT MaLoaiCauThu FROM LOAICAUTHU WHERE TenLoaiCauThu = N'Hậu vệ'), '', (SELECT MaDoi FROM DOIBONG WHERE TenDoi = N'Viettel'), 0, 4)
INSERT INTO CAUTHU VALUES(NEWID(), N'Trương Văn Thiết', CONVERT(date, '07-06-1995', 105), NULL, (SELECT MaLoaiCauThu FROM LOAICAUTHU WHERE TenLoaiCauThu = N'Hậu vệ'), '', (SELECT MaDoi FROM DOIBONG WHERE TenDoi = N'Viettel'), 0, 5)
INSERT INTO CAUTHU VALUES(NEWID(), N'Vũ Minh Tuấn', CONVERT(date, '19-09-1990', 105), NULL, (SELECT MaLoaiCauThu FROM LOAICAUTHU WHERE TenLoaiCauThu = N'Tiền vệ'), '', (SELECT MaDoi FROM DOIBONG WHERE TenDoi = N'Viettel'), 0, 6)
INSERT INTO CAUTHU VALUES(NEWID(), N'Bùi Duy Thường', CONVERT(date, '05-04-1996', 105), NULL, (SELECT MaLoaiCauThu FROM LOAICAUTHU WHERE TenLoaiCauThu = N'Tiền vệ'), '', (SELECT MaDoi FROM DOIBONG WHERE TenDoi = N'Viettel'), 0, 7)
INSERT INTO CAUTHU VALUES(NEWID(), N'Đặng Văn Trâm', CONVERT(date, '02-01-1995', 105), NULL, (SELECT MaLoaiCauThu FROM LOAICAUTHU WHERE TenLoaiCauThu = N'Tiền vệ'), '', (SELECT MaDoi FROM DOIBONG WHERE TenDoi = N'Viettel'), 0, 8)
INSERT INTO CAUTHU VALUES(NEWID(), N'Trần Ngọc Sơn', CONVERT(date, '29-10-1996', 105), NULL, (SELECT MaLoaiCauThu FROM LOAICAUTHU WHERE TenLoaiCauThu = N'Tiền vệ'), '', (SELECT MaDoi FROM DOIBONG WHERE TenDoi = N'Viettel'), 0, 9)
INSERT INTO CAUTHU VALUES(NEWID(), N'Bùi Quang Khải', CONVERT(date, '19-05-1993', 105), NULL, (SELECT MaLoaiCauThu FROM LOAICAUTHU WHERE TenLoaiCauThu = N'Tiền vệ'), '', (SELECT MaDoi FROM DOIBONG WHERE TenDoi = N'Viettel'), 0, 10)
INSERT INTO CAUTHU VALUES(NEWID(), N'Nguyễn Việt Phong', CONVERT(date, '23-03-1993', 105), NULL, (SELECT MaLoaiCauThu FROM LOAICAUTHU WHERE TenLoaiCauThu = N'Tiền đạo'), '', (SELECT MaDoi FROM DOIBONG WHERE TenDoi = N'Viettel'), 0, 11)
INSERT INTO CAUTHU VALUES(NEWID(), N'Janclesio Almeida Santos', CONVERT(date, '22/04/1993', 105), NULL, (SELECT MaLoaiCauThu FROM LOAICAUTHU WHERE TenLoaiCauThu = N'Hậu vệ nước ngoài'), '', (SELECT MaDoi FROM DOIBONG WHERE TenDoi = N'Viettel'), 0, 14)
INSERT INTO CAUTHU VALUES(NEWID(), N'Nguyễn Đức Hoàng Minh', CONVERT(date, '20-02-1998', 105), NULL, (SELECT MaLoaiCauThu FROM LOAICAUTHU WHERE TenLoaiCauThu = N'Tiền vệ'), '', (SELECT MaDoi FROM DOIBONG WHERE TenDoi = N'Viettel'), 0, 17)
INSERT INTO CAUTHU VALUES(NEWID(), N'Đàm Tiến Dũng', CONVERT(date, '10-01-1996', 105), NULL, (SELECT MaLoaiCauThu FROM LOAICAUTHU WHERE TenLoaiCauThu = N'Hậu vệ'), '', (SELECT MaDoi FROM DOIBONG WHERE TenDoi = N'Viettel'), 0, 18)
INSERT INTO CAUTHU VALUES(NEWID(), N'Lưu Công Sơn', CONVERT(date, '16-06-1997', 105), NULL, (SELECT MaLoaiCauThu FROM LOAICAUTHU WHERE TenLoaiCauThu = N'Tiền đạo'), '', (SELECT MaDoi FROM DOIBONG WHERE TenDoi = N'Viettel'), 0, 20)
INSERT INTO CAUTHU VALUES(NEWID(), N'Nguyễn Đức Chiến', CONVERT(date, '24-08-1998', 105), NULL, (SELECT MaLoaiCauThu FROM LOAICAUTHU WHERE TenLoaiCauThu = N'Tiền đạo'), '', (SELECT MaDoi FROM DOIBONG WHERE TenDoi = N'Viettel'), 0, 21)
INSERT INTO CAUTHU VALUES(NEWID(), N'Bùi Đình Sơn', CONVERT(date, '28-09-1995', 105), NULL, (SELECT MaLoaiCauThu FROM LOAICAUTHU WHERE TenLoaiCauThu = N'Hậu vệ'), '', (SELECT MaDoi FROM DOIBONG WHERE TenDoi = N'Viettel'), 0, 22)
INSERT INTO CAUTHU VALUES(NEWID(), N'Nguyễn Thanh Tùng', CONVERT(date, '23-06-1988', 105), NULL, (SELECT MaLoaiCauThu FROM LOAICAUTHU WHERE TenLoaiCauThu = N'Thủ môn'), '', (SELECT MaDoi FROM DOIBONG WHERE TenDoi = N'Viettel'), 0, 24)
INSERT INTO CAUTHU VALUES(NEWID(), N'Quàng Thế Tài', CONVERT(date, '10-09-1996', 105), NULL, (SELECT MaLoaiCauThu FROM LOAICAUTHU WHERE TenLoaiCauThu = N'Thủ môn'), '', (SELECT MaDoi FROM DOIBONG WHERE TenDoi = N'Viettel'), 0, 25)
INSERT INTO CAUTHU VALUES(NEWID(), N'Nguyễn Hoàng Đức', CONVERT(date, '11-01-1998', 105), NULL, (SELECT MaLoaiCauThu FROM LOAICAUTHU WHERE TenLoaiCauThu = N'Tiền vệ'), '', (SELECT MaDoi FROM DOIBONG WHERE TenDoi = N'Viettel'), 0, 28)
INSERT INTO CAUTHU VALUES(NEWID(), N'Trương Tiến Anh', CONVERT(date, '25-4-1999', 105), NULL, (SELECT MaLoaiCauThu FROM LOAICAUTHU WHERE TenLoaiCauThu = N'Hậu vệ'), '', (SELECT MaDoi FROM DOIBONG WHERE TenDoi = N'Viettel'), 0, 29)
INSERT INTO CAUTHU VALUES(NEWID(), N'Bruno Cunha Cantanhede', CONVERT(date, '22-07-1993', 105), NULL, (SELECT MaLoaiCauThu FROM LOAICAUTHU WHERE TenLoaiCauThu = N'Tiền đạo nước ngoài'), '', (SELECT MaDoi FROM DOIBONG WHERE TenDoi = N'Viettel'), 0, 37)
INSERT INTO CAUTHU VALUES(NEWID(), N'Lương Nguyên Bảo', CONVERT(date, '1997', 105), NULL, (SELECT MaLoaiCauThu FROM LOAICAUTHU WHERE TenLoaiCauThu = N'Tiền đạo'), '', (SELECT MaDoi FROM DOIBONG WHERE TenDoi = N'Viettel'), 0, 39)
INSERT INTO CAUTHU VALUES(NEWID(), N'Jean Carlo C. Goncalves', CONVERT(date, '1993', 105), NULL, (SELECT MaLoaiCauThu FROM LOAICAUTHU WHERE TenLoaiCauThu = N'Tiền đạo nước ngoài'), '', (SELECT MaDoi FROM DOIBONG WHERE TenDoi = N'Viettel'), 0, 70)
INSERT INTO CAUTHU VALUES(NEWID(), N'Nguyễn Trọng Hoàng', CONVERT(date, '14-04-1989', 105), NULL, (SELECT MaLoaiCauThu FROM LOAICAUTHU WHERE TenLoaiCauThu = N'Tiền vệ'), '', (SELECT MaDoi FROM DOIBONG WHERE TenDoi = N'Viettel'), 0, 89)
INSERT INTO CAUTHU VALUES(NEWID(), N'Nguyễn Trọng Đại', CONVERT(date, '07-04-1997', 105), NULL, (SELECT MaLoaiCauThu FROM LOAICAUTHU WHERE TenLoaiCauThu = N'Tiền vệ'), '', (SELECT MaDoi FROM DOIBONG WHERE TenDoi = N'Viettel'), 0, 96)
INSERT INTO CAUTHU VALUES(NEWID(), N'Nhâm Mạnh Dũng', CONVERT(date, '12-04-2000', 105), NULL, (SELECT MaLoaiCauThu FROM LOAICAUTHU WHERE TenLoaiCauThu = N'Tiền đạo'), '', (SELECT MaDoi FROM DOIBONG WHERE TenDoi = N'Viettel'), 0, 99)

--VongDau
DECLARE @MaMuaGiai VARCHAR(45)
SET @MaMuaGiai = (SELECT MaMuaGiai FROM MUAGIAI WHERE TenMuaGiai = N'Giải Bóng Đá VĐQG 2019')
INSERT INTO VONGDAU VALUES (NEWID(), N'Vòng 1', @MaMuaGiai)
INSERT INTO VONGDAU VALUES (NEWID(), N'Vòng 2', @MaMuaGiai)
INSERT INTO VONGDAU VALUES (NEWID(), N'Vòng 3', @MaMuaGiai)
INSERT INTO VONGDAU VALUES (NEWID(), N'Vòng 4', @MaMuaGiai)
INSERT INTO VONGDAU VALUES (NEWID(), N'Vòng 5', @MaMuaGiai)
INSERT INTO VONGDAU VALUES (NEWID(), N'Vòng 6', @MaMuaGiai)
INSERT INTO VONGDAU VALUES (NEWID(), N'Vòng 7', @MaMuaGiai)
INSERT INTO VONGDAU VALUES (NEWID(), N'Vòng 8', @MaMuaGiai)
INSERT INTO VONGDAU VALUES (NEWID(), N'Vòng 9', @MaMuaGiai)
INSERT INTO VONGDAU VALUES (NEWID(), N'Vòng 10', @MaMuaGiai)
INSERT INTO VONGDAU VALUES (NEWID(), N'Vòng 11', @MaMuaGiai)
INSERT INTO VONGDAU VALUES (NEWID(), N'Vòng 12', @MaMuaGiai)
INSERT INTO VONGDAU VALUES (NEWID(), N'Vòng 13', @MaMuaGiai)
INSERT INTO VONGDAU VALUES (NEWID(), N'Vòng 14', @MaMuaGiai)
INSERT INTO VONGDAU VALUES (NEWID(), N'Vòng 15', @MaMuaGiai)
INSERT INTO VONGDAU VALUES (NEWID(), N'Vòng 16', @MaMuaGiai)
INSERT INTO VONGDAU VALUES (NEWID(), N'Vòng 17', @MaMuaGiai)
INSERT INTO VONGDAU VALUES (NEWID(), N'Vòng 18', @MaMuaGiai)
INSERT INTO VONGDAU VALUES (NEWID(), N'Vòng 19', @MaMuaGiai)
INSERT INTO VONGDAU VALUES (NEWID(), N'Vòng 20', @MaMuaGiai)
INSERT INTO VONGDAU VALUES (NEWID(), N'Vòng 21', @MaMuaGiai)
INSERT INTO VONGDAU VALUES (NEWID(), N'Vòng 22', @MaMuaGiai)
INSERT INTO VONGDAU VALUES (NEWID(), N'Vòng 23', @MaMuaGiai)
INSERT INTO VONGDAU VALUES (NEWID(), N'Vòng 24', @MaMuaGiai)
INSERT INTO VONGDAU VALUES (NEWID(), N'Vòng 25', @MaMuaGiai)
INSERT INTO VONGDAU VALUES (NEWID(), N'Vòng 26', @MaMuaGiai)

--DieuKien
DECLARE @MaMuaGiai VARCHAR(45)
SET @MaMuaGiai = (SELECT MaMuaGiai FROM MUAGIAI WHERE TenMuaGiai = N'Giải Bóng Đá VĐQG 2019')
INSERT INTO DIEUKIEN VALUES (@MaMuaGiai, 14, 40, 11, 32, 3, 3, 3, 0, 1)

--TranDau


--ThuTuUuTien
DECLARE @MaMuaGiai VARCHAR(45)
SET @MaMuaGiai = (SELECT MaMuaGiai FROM MUAGIAI WHERE TenMuaGiai = N'Giải Bóng Đá VĐQG 2019')
INSERT INTO THUTUUUTIEN VALUES (1, @MaMuaGiai, N'Điểm')
INSERT INTO THUTUUUTIEN VALUES (2, @MaMuaGiai, N'Hiệu Số')
INSERT INTO THUTUUUTIEN VALUES (3, @MaMuaGiai, N'Số Bàn Sân Khách')
INSERT INTO THUTUUUTIEN VALUES (4, @MaMuaGiai, N'Kết Quả Đối Đầu')


--KetQuaDoiBong
INSERT INTO KETQUADOIBONG VALUES((SELECT MaDoi FROM DOIBONG WHERE TenDoi = N'Becamex Bình Dương'), 0, 0, 0, 0, 0, 0)
INSERT INTO KETQUADOIBONG VALUES((SELECT MaDoi FROM DOIBONG WHERE TenDoi = N'Hà Nội'), 0, 0, 0, 0, 0, 0)
INSERT INTO KETQUADOIBONG VALUES((SELECT MaDoi FROM DOIBONG WHERE TenDoi = N'Hải Phòng'), 0, 0, 0, 0, 0, 0)
INSERT INTO KETQUADOIBONG VALUES((SELECT MaDoi FROM DOIBONG WHERE TenDoi = N'Hoàng Anh Gia Lai'), 0, 0, 0, 0, 0, 0)
INSERT INTO KETQUADOIBONG VALUES((SELECT MaDoi FROM DOIBONG WHERE TenDoi = N'Thành Phố Hồ Chí Minh'), 0, 0, 0, 0, 0, 0)
INSERT INTO KETQUADOIBONG VALUES((SELECT MaDoi FROM DOIBONG WHERE TenDoi = N'Dược Nam Hà Nam Định'), 0, 0, 0, 0, 0, 0)
INSERT INTO KETQUADOIBONG VALUES((SELECT MaDoi FROM DOIBONG WHERE TenDoi = N'Quảng Nam'), 0, 0, 0, 0, 0, 0)
INSERT INTO KETQUADOIBONG VALUES((SELECT MaDoi FROM DOIBONG WHERE TenDoi = N'Sài Gòn'), 0, 0, 0, 0, 0, 0)
INSERT INTO KETQUADOIBONG VALUES((SELECT MaDoi FROM DOIBONG WHERE TenDoi = N'Sanna Khánh Hòa BVN'), 0, 0, 0, 0, 0, 0)
INSERT INTO KETQUADOIBONG VALUES((SELECT MaDoi FROM DOIBONG WHERE TenDoi = N'SHB Đà Nẵng'), 0, 0, 0, 0, 0, 0)
INSERT INTO KETQUADOIBONG VALUES((SELECT MaDoi FROM DOIBONG WHERE TenDoi = N'Sông Lam Nghệ An'), 0, 0, 0, 0, 0, 0)
INSERT INTO KETQUADOIBONG VALUES((SELECT MaDoi FROM DOIBONG WHERE TenDoi = N'Than Quảng Ninh'), 0, 0, 0, 0, 0, 0)
INSERT INTO KETQUADOIBONG VALUES((SELECT MaDoi FROM DOIBONG WHERE TenDoi = N'Thanh Hóa'), 0, 0, 0, 0, 0, 0)
INSERT INTO KETQUADOIBONG VALUES((SELECT MaDoi FROM DOIBONG WHERE TenDoi = N'Viettel'), 0, 0, 0, 0, 0, 0)

DELETE FROM KETQUADOIBONG
DELETE FROM VONGDAU
DELETE FROM CAUTHU
DELETE FROM LOAIBANTHANG
DELETE FROM LOAITHE
DELETE FROM LOAICAUTHU
DELETE FROM SANTHIDAU
DELETE FROM DOIBONG
DELETE FROM MUAGIAI
DELETE FROM THUTUUUTIEN